#start_row=1	cols=8
S:Source	S:source_materials/GitHub_ready/Figure1/Tables/Figure_1F_source_data.csv	N:	N:	N:	N:	N:	N:
S:Description	S:Fig. 1f Hallmark bar-plot source data.	N:	N:	N:	N:	N:	N:
N:	N:	N:	N:	N:	N:	N:	N:
S:NGenes	S:Direction	S:PValue	S:FDR	S:GeneSet	S:logP	S:GeneSet_clean	S:label
D:194	S:Down	D:0.00000000139728326649501	D:0.0000000698641633247505	S:HALLMARK_E2F_TARGETS	D:8.85471554191372	S:E2F TARGETS	S:E2F TARGETS (n=194)
D:190	S:Up	D:0.0000000107685119894416	D:0.00000026921279973604	S:HALLMARK_HEME_METABOLISM	D:7.96784430407633	S:HEME METABOLISM	S:HEME METABOLISM (n=190)
D:189	S:Down	D:0.00000282544755640696	D:0.0000398369039152938	S:HALLMARK_G2M_CHECKPOINT	D:5.548912749302	S:G2M CHECKPOINT	S:G2M CHECKPOINT (n=189)
D:191	S:Down	D:0.0000031869523132235	D:0.0000398369039152938	S:HALLMARK_MYC_TARGETS_V1	D:5.49662443488172	S:MYC TARGETS V1	S:MYC TARGETS V1 (n=191)
D:56	S:Down	D:0.00355691142311228	D:0.0355691142311228	S:HALLMARK_MYC_TARGETS_V2	D:2.44892694980791	S:MYC TARGETS V2	S:MYC TARGETS V2 (n=56)
D:193	S:Down	D:0.0072466851654018	D:0.0602683258054399	S:HALLMARK_MTORC1_SIGNALING	D:2.13986060633714	S:MTORC1 SIGNALING	S:MTORC1 SIGNALING (n=193)
D:105	S:Down	D:0.00843756561276158	D:0.0602683258054399	S:HALLMARK_UNFOLDED_PROTEIN_RESPONSE	D:2.07378283695801	S:UNFOLDED PROTEIN RESPONSE	S:UNFOLDED PROTEIN RESPONSE (n=105)
N:	N:	N:	N:	N:	N:	N:	N:
N:	N:	N:	N:	N:	N:	N:	N:
S:Source	S:source_materials/GitHub_ready/Figure1/Tables/Figure_1F_CAMERA_Hallmark_all.csv	N:	N:	N:	N:	N:	N:
S:Description	S:Full Hallmark CAMERA table underlying Fig. 1f.	N:	N:	N:	N:	N:	N:
N:	N:	N:	N:	N:	N:	N:	N:
S:NGenes	S:Direction	S:PValue	S:FDR	S:GeneSet	S:logP	S:GeneSet_clean	N:
D:194	S:Down	D:0.00000000139728326649501	D:0.0000000698641633247505	S:HALLMARK_E2F_TARGETS	D:8.85471554191372	S:E2F TARGETS	N:
D:190	S:Up	D:0.0000000107685119894416	D:0.00000026921279973604	S:HALLMARK_HEME_METABOLISM	D:7.96784430407633	S:HEME METABOLISM	N:
D:189	S:Down	D:0.00000282544755640696	D:0.0000398369039152938	S:HALLMARK_G2M_CHECKPOINT	D:5.548912749302	S:G2M CHECKPOINT	N:
D:191	S:Down	D:0.0000031869523132235	D:0.0000398369039152938	S:HALLMARK_MYC_TARGETS_V1	D:5.49662443488172	S:MYC TARGETS V1	N:
D:56	S:Down	D:0.00355691142311228	D:0.0355691142311228	S:HALLMARK_MYC_TARGETS_V2	D:2.44892694980791	S:MYC TARGETS V2	N:
D:193	S:Down	D:0.0072466851654018	D:0.0602683258054399	S:HALLMARK_MTORC1_SIGNALING	D:2.13986060633714	S:MTORC1 SIGNALING	N:
D:105	S:Down	D:0.00843756561276158	D:0.0602683258054399	S:HALLMARK_UNFOLDED_PROTEIN_RESPONSE	D:2.07378283695801	S:UNFOLDED PROTEIN RESPONSE	N:
D:137	S:Down	D:0.00976889552258478	D:0.0610555970161549	S:HALLMARK_UV_RESPONSE_DN	D:2.01015453511046	S:UV RESPONSE DN	N:
D:197	S:Up	D:0.0116565422057166	D:0.0647585678095364	S:HALLMARK_MYOGENESIS	D:1.9334302594987	S:MYOGENESIS	N:
D:95	S:Down	D:0.0155739623449721	D:0.0778698117248606	S:HALLMARK_PROTEIN_SECRETION	D:1.80760087968421	S:PROTEIN SECRETION	N:
D:195	S:Down	D:0.041777980762786	D:0.189899912558118	S:HALLMARK_MITOTIC_SPINDLE	D:1.37905255441727	S:MITOTIC SPINDLE	N:
D:42	S:Down	D:0.0464022387577826	D:0.193342661490761	S:HALLMARK_WNT_BETA_CATENIN_SIGNALING	D:1.33346106563701	S:WNT BETA CATENIN SIGNALING	N:
D:46	S:Up	D:0.0560170297142142	D:0.215450114285439	S:HALLMARK_REACTIVE_OXYGEN_SPECIES_PATHWAY	D:1.25167992323338	S:REACTIVE OXYGEN SPECIES PATHWAY	N:
D:195	S:Up	D:0.0629329469721281	D:0.224760524900457	S:HALLMARK_EPITHELIAL_MESENCHYMAL_TRANSITION	D:1.20112193099259	S:EPITHELIAL MESENCHYMAL TRANSITION	N:
D:187	S:Up	D:0.133791274007211	D:0.445970913357372	S:HALLMARK_KRAS_SIGNALING_DN	D:0.873572210739323	S:KRAS SIGNALING DN	N:
D:195	S:Up	D:0.180814118115618	D:0.541892752076022	S:HALLMARK_XENOBIOTIC_METABOLISM	D:0.742767662465034	S:XENOBIOTIC METABOLISM	N:
D:97	S:Down	D:0.184243535705847	D:0.541892752076022	S:HALLMARK_ANDROGEN_RESPONSE	D:0.734607740682095	S:ANDROGEN RESPONSE	N:
D:193	S:Down	D:0.228920455797828	D:0.608357617163574	S:HALLMARK_IL2_STAT5_SIGNALING	D:0.640315398049843	S:IL2 STAT5 SIGNALING	N:
D:196	S:Down	D:0.242651111581638	D:0.608357617163574	S:HALLMARK_GLYCOLYSIS	D:0.615017714846673	S:GLYCOLYSIS	N:
D:195	S:Down	D:0.24334304686543	D:0.608357617163574	S:HALLMARK_ALLOGRAFT_REJECTION	D:0.613781058506635	S:ALLOGRAFT REJECTION	N:
D:87	S:Up	D:0.281782948597174	D:0.663945655968998	S:HALLMARK_IL6_JAK_STAT3_SIGNALING	D:0.550085290695112	S:IL6 JAK STAT3 SIGNALING	N:
D:192	S:Down	D:0.302244684000972	D:0.663945655968998	S:HALLMARK_INTERFERON_GAMMA_RESPONSE	D:0.519641328943111	S:INTERFERON GAMMA RESPONSE	N:
D:152	S:Up	D:0.305415001745739	D:0.663945655968998	S:HALLMARK_UV_RESPONSE_UP	D:0.515109634550781	S:UV RESPONSE UP	N:
D:192	S:Up	D:0.334842992449692	D:0.669664780692786	S:HALLMARK_APICAL_JUNCTION	D:0.475158785490757	S:APICAL JUNCTION	N:
D:40	S:Up	D:0.342799289737333	D:0.669664780692786	S:HALLMARK_PANCREAS_BETA_CELLS	D:0.464960086583952	S:PANCREAS BETA CELLS	N:
D:183	S:Down	D:0.348225685960249	D:0.669664780692786	S:HALLMARK_OXIDATIVE_PHOSPHORYLATION	D:0.458139197436469	S:OXIDATIVE PHOSPHORYLATION	N:
D:103	S:Down	D:0.386593644504461	D:0.687416980176748	S:HALLMARK_PEROXISOME	D:0.412745289933256	S:PEROXISOME	N:
D:197	S:Up	D:0.38666229062796	D:0.687416980176748	S:HALLMARK_INFLAMMATORY_RESPONSE	D:0.412668180579512	S:INFLAMMATORY RESPONSE	N:
D:158	S:Down	D:0.398701848502514	D:0.687416980176748	S:HALLMARK_APOPTOSIS	D:0.399351750812196	S:APOPTOSIS	N:
D:136	S:Up	D:0.425146909052568	D:0.708578181754281	S:HALLMARK_COAGULATION	D:0.371460974029024	S:COAGULATION	N:
D:196	S:Down	D:0.449549773146288	D:0.725080279268207	S:HALLMARK_TNFA_SIGNALING_VIA_NFKB	D:0.347222217154141	S:TNFA SIGNALING VIA NFKB	N:
D:138	S:Down	D:0.5236166555318	D:0.795069766338377	S:HALLMARK_DNA_REPAIR	D:0.280986547586312	S:DNA REPAIR	N:
D:193	S:Up	D:0.524746045783329	D:0.795069766338377	S:HALLMARK_ESTROGEN_RESPONSE_LATE	D:0.280050825353377	S:ESTROGEN RESPONSE LATE	N:
D:154	S:Down	D:0.619255675491304	D:0.884924223235303	S:HALLMARK_FATTY_ACID_METABOLISM	D:0.208130004405815	S:FATTY ACID METABOLISM	N:
D:54	S:Down	D:0.64088698659553	D:0.884924223235303	S:HALLMARK_TGF_BETA_SIGNALING	D:0.193218546807462	S:TGF BETA SIGNALING	N:
D:195	S:Up	D:0.65127218797045	D:0.884924223235303	S:HALLMARK_COMPLEMENT	D:0.186237467609525	S:COMPLEMENT	N:
D:192	S:Down	D:0.685810575911187	D:0.884924223235303	S:HALLMARK_P53_PATHWAY	D:0.163795821897577	S:P53 PATHWAY	N:
D:111	S:Down	D:0.697847497331588	D:0.884924223235303	S:HALLMARK_BILE_ACID_METABOLISM	D:0.156239474660041	S:BILE ACID METABOLISM	N:
D:192	S:Up	D:0.702611416181827	D:0.884924223235303	S:HALLMARK_ESTROGEN_RESPONSE_EARLY	D:0.153284797976256	S:ESTROGEN RESPONSE EARLY	N:
D:191	S:Up	D:0.718223317765715	D:0.884924223235303	S:HALLMARK_HYPOXIA	D:0.143740499220262	S:HYPOXIA	N:
D:189	S:Up	D:0.725637863052949	D:0.884924223235303	S:HALLMARK_ADIPOGENESIS	D:0.139280064308011	S:ADIPOGENESIS	N:
D:131	S:Down	D:0.782088117413346	D:0.913205347431702	S:HALLMARK_SPERMATOGENESIS	D:0.10674431247669	S:SPERMATOGENESIS	N:
D:91	S:Down	D:0.785356598791264	D:0.913205347431702	S:HALLMARK_INTERFERON_ALPHA_RESPONSE	D:0.104933102844409	S:INTERFERON ALPHA RESPONSE	N:
D:193	S:Up	D:0.864781008301682	D:0.962857958051222	S:HALLMARK_KRAS_SIGNALING_UP	D:0.0630938566129664	S:KRAS SIGNALING UP	N:
D:35	S:Up	D:0.897439630805491	D:0.962857958051222	S:HALLMARK_HEDGEHOG_SIGNALING	D:0.0469947559973894	S:HEDGEHOG SIGNALING	N:
D:43	S:Up	D:0.901934642061026	D:0.962857958051222	S:HALLMARK_APICAL_SURFACE	D:0.0448249321040152	S:APICAL SURFACE	N:
D:104	S:Down	D:0.905086480568149	D:0.962857958051222	S:HALLMARK_PI3K_AKT_MTOR_SIGNALING	D:0.0433099221879944	S:PI3K AKT MTOR SIGNALING	N:
D:72	S:Up	D:0.967258823202891	D:0.984421632020193	S:HALLMARK_CHOLESTEROL_HOMEOSTASIS	D:0.0144573000136948	S:CHOLESTEROL HOMEOSTASIS	N:
D:32	S:Down	D:0.983611215818478	D:0.984421632020193	S:HALLMARK_NOTCH_SIGNALING	D:0.00717652777766404	S:NOTCH SIGNALING	N:
D:36	S:Down	D:0.984421632020193	D:0.984421632020193	S:HALLMARK_ANGIOGENESIS	D:0.0068188515277677	S:ANGIOGENESIS	N:
