#start_row=17	cols=24
S:Source	S:code/results/tables/participant_aware_staging/SF1e_participant_aware_reactome_random_nulls.csv	N:	N:	N:	N:	N:	N:	N:	N:	N:	N:	N:	N:	N:	N:	N:	N:	N:	N:	N:	N:	N:	N:
S:Description	S:Supplementary Fig. 1e matched random-set null distribution statistics. Exact boxplot hinges/whiskers, 2.5%-97.5% intervals, means, SDs, and iteration counts are reported; the full random draws are regenerated by the GitHub R workflow.	N:	N:	N:	N:	N:	N:	N:	N:	N:	N:	N:	N:	N:	N:	N:	N:	N:	N:	N:	N:	N:	N:
N:	N:	N:	N:	N:	N:	N:	N:	N:	N:	N:	N:	N:	N:	N:	N:	N:	N:	N:	N:	N:	N:	N:	N:
S:n_genes	S:n_random_sets	S:mesor_null_min	S:mesor_null_q025	S:mesor_null_q25	S:mesor_null_median	S:mesor_null_q75	S:mesor_null_q975	S:mesor_null_max	S:mesor_null_boxplot_lower_whisker	S:mesor_null_boxplot_upper_whisker	S:mesor_null_mean	S:mesor_null_sd	S:amplitude_null_min	S:amplitude_null_q025	S:amplitude_null_q25	S:amplitude_null_median	S:amplitude_null_q75	S:amplitude_null_q975	S:amplitude_null_max	S:amplitude_null_boxplot_lower_whisker	S:amplitude_null_boxplot_upper_whisker	S:amplitude_null_mean	S:amplitude_null_sd
D:10	D:2000	D:-0.100365834275049	D:-0.0530749812963572	D:-0.0246549945547478	D:-0.0106732954404789	D:0.00466506421924631	D:0.0350395976075632	D:0.0778911206815514	D:-0.0679161069522803	D:0.0479561206317963	D:-0.0100837687464212	D:0.022509011499138	D:0.018358872917933	D:0.0290111060676016	D:0.0411672929889738	D:0.0490833069526446	D:0.0586859690556172	D:0.0808367799057372	D:0.108451636087439	D:0.018358872917933	D:0.0849297708735666	D:0.0506988140910343	D:0.0132802047862518
D:11	D:2000	D:-0.0854121458234196	D:-0.0506885771822654	D:-0.0245622968833125	D:-0.0106725740846504	D:0.00317081599834914	D:0.037045070159835	D:0.0748807216822152	D:-0.0657025541597424	D:0.0443625533199134	D:-0.0104274795163911	D:0.0217562281817795	D:0.0173335563041142	D:0.0292359663792932	D:0.0412789273079262	D:0.0489723207015128	D:0.058425079987396	D:0.0800140549946688	D:0.106203064946463	D:0.0173335563041142	D:0.0840782513386963	D:0.0504074522143508	D:0.0129482258993027
D:12	D:2000	D:-0.0869041402494615	D:-0.0494496351053773	D:-0.0242556588342007	D:-0.0114573885964246	D:0.00400164007995948	D:0.0303103910266695	D:0.0756671131461563	D:-0.0645344165531868	D:0.0455779893220822	D:-0.0102994565574382	D:0.0204400858232833	D:0.0214954416947289	D:0.030484004026184	D:0.0422039889072566	D:0.0494818075820297	D:0.0581693088400208	D:0.0768119593571112	D:0.113101320857763	D:0.0214954416947289	D:0.0809237026996327	D:0.0507073903860213	D:0.0121218249672358
D:13	D:2000	D:-0.0759113678466569	D:-0.0457386036185308	D:-0.0223874077391118	D:-0.00939530571912184	D:0.00426374203069993	D:0.0313887096505745	D:0.0646836519930057	D:-0.0607111064785021	D:0.0438041621853763	D:-0.00888234431411931	D:0.0195440810322256	D:0.022877838796014	D:0.0300110032814401	D:0.0413803447446413	D:0.04890525134692	D:0.0576702342806679	D:0.0759818050640923	D:0.109702576013665	D:0.022877838796014	D:0.0819649177453439	D:0.0500860419925405	D:0.0121781029260097
D:14	D:2000	D:-0.0719389303281336	D:-0.0462926663831226	D:-0.0240481484205136	D:-0.0109426457955224	D:0.00185768639331178	D:0.0314433739715231	D:0.0808837888676535	D:-0.0628610778804324	D:0.0399417409091108	D:-0.0104307377269977	D:0.0196911264633329	D:0.0194770550256062	D:0.0312495022800556	D:0.0427819957071897	D:0.0495179155483684	D:0.0574705137406699	D:0.0765835696436906	D:0.103899166654459	D:0.0209212196276072	D:0.0794740560683449	D:0.0507926785481549	D:0.0114706349178778
D:15	D:2000	D:-0.0737504781661582	D:-0.0461226120397163	D:-0.0230894402738383	D:-0.0102526381810354	D:0.0030723881451912	D:0.0315423777656671	D:0.0626481111474935	D:-0.0621404260269691	D:0.0422086709007058	D:-0.00968189574523619	D:0.0193641133994969	D:0.0193629804960022	D:0.0313398833512852	D:0.0425289358430807	D:0.0488093474564793	D:0.0561617913801978	D:0.0743220166449255	D:0.108563326932338	D:0.0235223121887628	D:0.076549585660673	D:0.049824110317791	D:0.0108140344164878
D:16	D:2000	D:-0.075742895825591	D:-0.0447244053100273	D:-0.0217411147359969	D:-0.00915543763613592	D:0.00270156975679549	D:0.0258603890556946	D:0.0733843096397174	D:-0.0581081079001851	D:0.0392532563577264	D:-0.00925843324871942	D:0.0181279201503792	D:0.0205473037131003	D:0.0320087786745623	D:0.0424636255820942	D:0.0489990649316573	D:0.0563332412075533	D:0.0725903349286716	D:0.105526711281149	D:0.0222931905898359	D:0.0768383307337626	D:0.0499591931447357	D:0.0106714999120414
D:17	D:2000	D:-0.0723596695853261	D:-0.041864578547237	D:-0.022350918170226	D:-0.0101960563747899	D:0.00220423038293099	D:0.026926759079644	D:0.056851998534629	D:-0.0589846013906897	D:0.0373408494781745	D:-0.00969073557141652	D:0.0176925668129018	D:0.0231984612913022	D:0.0321720449175673	D:0.042957353905126	D:0.0491402137685549	D:0.0563764760669161	D:0.0718529122093831	D:0.094638683132923	D:0.0231984612913022	D:0.0764676040036431	D:0.0501672505323192	D:0.0102198252610873
D:18	D:2000	D:-0.0785503389193773	D:-0.0427306192328211	D:-0.0217246062034936	D:-0.0103702995521098	D:0.000866616808307446	D:0.0245439326935639	D:0.052354171126523	D:-0.0551044196775064	D:0.0345245722409642	D:-0.0101533404283218	D:0.0168359496624937	D:0.0240590914397753	D:0.0323772872106154	D:0.0430668970957834	D:0.0493033248711973	D:0.0561919371051179	D:0.0719413523478238	D:0.091821614511883	D:0.0240590914397753	D:0.0753754298956709	D:0.0501019301603076	D:0.010131807979682
D:19	D:2000	D:-0.0595224114774391	D:-0.0432940186571506	D:-0.0222821665756869	D:-0.0109708892815806	D:0.000749718525302844	D:0.0234150476241451	D:0.0452533801302736	D:-0.0546567717574464	D:0.0352529622205176	D:-0.0106000034097488	D:0.0167870100096142	D:0.0204728856276556	D:0.0329377813058844	D:0.0428532691495157	D:0.04916368115142	D:0.0565789184978647	D:0.0714213594324092	D:0.104276201314621	D:0.0240365550054196	D:0.076924586371158	D:0.0501448794163499	D:0.0100188783561907
D:20	D:2000	D:-0.0605833963507242	D:-0.0424757834571086	D:-0.0218601564828519	D:-0.0106712818786646	D:0.00064014458474571	D:0.0207959324589223	D:0.0553608316790985	D:-0.0548607803803827	D:0.0328641942340967	D:-0.0105199429969594	D:0.0161840879901973	D:0.0207005317849499	D:0.0332776851565565	D:0.0431023383218345	D:0.0491674435936439	D:0.0552305742511139	D:0.0703051286952906	D:0.0937607900456299	D:0.0260241797600544	D:0.0734146820604631	D:0.0496390493940164	D:0.00939992623092275
D:21	D:2000	D:-0.0647524212445251	D:-0.0388301363579489	D:-0.0208451287262843	D:-0.00983147320386751	D:0.00155368938748913	D:0.0240870254277088	D:0.0466115157469603	D:-0.0510386437443826	D:0.0350447229831853	D:-0.00941245991808644	D:0.0160643979092225	D:0.0252589893970645	D:0.0330659015068339	D:0.0430966549809721	D:0.0489960234814427	D:0.0555302005413348	D:0.0699543463533047	D:0.084322501672085	D:0.0252589893970645	D:0.0739483860197579	D:0.0496918823848562	D:0.00931777737780863
D:22	D:2000	D:-0.0594524073703342	D:-0.0385759146887378	D:-0.0211546107098906	D:-0.010959149927431	D:-0.000285666599478343	D:0.0205809491288771	D:0.0516875829433538	D:-0.0509966256158618	D:0.0304698292301616	D:-0.0104897322057462	D:0.0154431082518486	D:0.0273218021872042	D:0.0343872036294271	D:0.044193888706297	D:0.0494924681063154	D:0.0560063025822412	D:0.0688090391927414	D:0.0869924869956796	D:0.0273218021872042	D:0.0734144367589358	D:0.050253551893121	D:0.0088512995607159
D:23	D:2000	D:-0.0543633553351115	D:-0.0401943482105636	D:-0.0215594899897586	D:-0.0108715412875822	D:-0.000440854773963621	D:0.0195923084134088	D:0.0455268597085829	D:-0.0519400749194266	D:0.0307310161773796	D:-0.0107782870894431	D:0.0154989945641561	D:0.0278261843704454	D:0.0345713404024062	D:0.0442240799773683	D:0.049194267365521	D:0.0555697125454613	D:0.0693290727119453	D:0.086731613643484	D:0.0278261843704454	D:0.0724944178954429	D:0.0501181916282748	D:0.00876120047737966
D:24	D:2000	D:-0.0738459508165029	D:-0.0388994960385667	D:-0.02019868097369	D:-0.0102570820429108	D:-0.00130523783662886	D:0.0180658841144758	D:0.0427838885170369	D:-0.0479352818050763	D:0.026858567165683	D:-0.010673428852072	D:0.0143637476932559	D:0.02494576226181	D:0.0350355713655729	D:0.0434057740145613	D:0.0488539177494245	D:0.0546912320299938	D:0.0671501915020568	D:0.0858190704768525	D:0.0274911463430049	D:0.0714113795923846	D:0.0494979705235684	D:0.00837634767166703
D:25	D:2000	D:-0.0532121100315441	D:-0.0386103412092526	D:-0.0193929807798743	D:-0.0096231540764937	D:0.0002031432705094	D:0.019116664014416	D:0.0410451765378887	D:-0.0479804240194977	D:0.0281437187706039	D:-0.00957464699084311	D:0.0145147479714303	D:0.0272824336059922	D:0.0351322824211718	D:0.0436652129473081	D:0.0494107180993968	D:0.0556313674140164	D:0.0678386034135679	D:0.0899699954148159	D:0.0272824336059922	D:0.0733841733728372	D:0.0498924999657396	D:0.00865883967078671
D:26	D:2000	D:-0.0560742674448	D:-0.0368654811980756	D:-0.0204210444979371	D:-0.0106649614887037	D:-0.000554177200972904	D:0.0159799700064813	D:0.0401084616034119	D:-0.0461031682663882	D:0.0275874878855812	D:-0.010521311145487	D:0.0138592731607627	D:0.0276397577048496	D:0.0348247789980712	D:0.0438564138503972	D:0.0491813383809017	D:0.0548357139569769	D:0.0670439184517502	D:0.0941922463382776	D:0.0276397577048496	D:0.071235994570521	D:0.0496534895380643	D:0.00825586778579225
D:27	D:2000	D:-0.0675843937079793	D:-0.036439637801865	D:-0.020527131035677	D:-0.0111083374080249	D:-0.000695316129139791	D:0.0158242075504999	D:0.0355481128500179	D:-0.0476507822060483	D:0.0289100611111426	D:-0.0107158741448506	D:0.0138806641599451	D:0.026510284395592	D:0.0359268195744326	D:0.0440790986871071	D:0.0491674908808816	D:0.0549404603989081	D:0.0674378637921975	D:0.0919627364559588	D:0.0284874269980758	D:0.0711219031234257	D:0.0498085608194929	D:0.00819848150208023
D:28	D:2000	D:-0.0545424197510231	D:-0.0368211069525201	D:-0.0193669347785521	D:-0.0101452206538422	D:-0.00070189840142227	D:0.0174921758091297	D:0.0522959747909204	D:-0.0468384434445662	D:0.0261521182003496	D:-0.0101091225110621	D:0.0138104519735489	D:0.0281530636553982	D:0.0354670778881664	D:0.0443929353748392	D:0.0493500577054525	D:0.0553157257324844	D:0.0666100312116436	D:0.0965235319555908	D:0.0281530636553982	D:0.0715284586127077	D:0.0500003207277361	D:0.00809618903886758
D:29	D:2000	D:-0.0537384014532628	D:-0.0369227387809054	D:-0.019264742795528	D:-0.0094624100424823	D:-0.00093569631941591	D:0.0176512719380914	D:0.0383521182781073	D:-0.0465489448144431	D:0.0253296535692976	D:-0.00991345330185938	D:0.0137210733638944	D:0.0280788883736972	D:0.0363832897198655	D:0.0442794521614756	D:0.0492803736122124	D:0.0546213264211647	D:0.0657490910006348	D:0.0807066176186047	D:0.0290729625095456	D:0.0699129590471555	D:0.0497916933807024	D:0.00763892977100787
D:30	D:2000	D:-0.0504419113285181	D:-0.0357513227025098	D:-0.019630601921618	D:-0.0105995459133733	D:-0.00168788923744428	D:0.0150104171419676	D:0.0410186800712055	D:-0.0460599695171893	D:0.024851876499136	D:-0.010494143769489	D:0.0129345991061652	D:0.0242620514373213	D:0.035994422318469	D:0.0443821671413588	D:0.0488769980813646	D:0.0545455686421452	D:0.0667166227719885	D:0.0810287733054786	D:0.0294913664348491	D:0.0695066709882705	D:0.0495800321907144	D:0.00782378110584893
D:31	D:2000	D:-0.050744209331065	D:-0.0359833184574131	D:-0.0192971853061606	D:-0.0105800814115888	D:-0.0014017670209345	D:0.0161568032639425	D:0.042853168798786	D:-0.0453225000814153	D:0.0252212381593445	D:-0.0104738397804094	D:0.0133343269154254	D:0.0295380969977331	D:0.0357542565329361	D:0.0440748898283409	D:0.0491047200652177	D:0.0546126368305674	D:0.0671378601840891	D:0.0802426226127869	D:0.0295380969977331	D:0.0700584008248822	D:0.04966681133165	D:0.00790630760921288
D:32	D:2000	D:-0.046947794765027	D:-0.0345357065045307	D:-0.0188463290319187	D:-0.0100498927176392	D:-0.0013929063326406	D:0.0152786176931081	D:0.0400619340276066	D:-0.0428258905019094	D:0.0244782502815717	D:-0.00999453981269795	D:0.0127030629553105	D:0.0201830168736644	D:0.0361313857640122	D:0.044548664121675	D:0.0491279574857277	D:0.0544029925377272	D:0.0652261901389926	D:0.07787480964314	D:0.0297958155553677	D:0.0691025723262639	D:0.0497072342224916	D:0.00756897526580087
D:33	D:2000	D:-0.0589661306233679	D:-0.03505030881732	D:-0.0191039317508785	D:-0.0104944457438479	D:-0.00176700808038814	D:0.0136565947303932	D:0.0301772326398929	D:-0.0449352104691217	D:0.0242284120637849	D:-0.0103121170178392	D:0.0128021003932231	D:0.0302358992262363	D:0.0367226562605346	D:0.0442841926752347	D:0.0489004978643145	D:0.054670186838074	D:0.0648276324140821	D:0.0774751352437667	D:0.0302358992262363	D:0.0699935047876014	D:0.0496616866193686	D:0.00740416163772712
D:34	D:2000	D:-0.0519779374493216	D:-0.0346676838280562	D:-0.0188197611058927	D:-0.0102796856012308	D:-0.00172544870287299	D:0.0136012165024064	D:0.044033047050089	D:-0.0438359768883474	D:0.0222502457290861	D:-0.0102987338411622	D:0.0123860517019426	D:0.0286537086132143	D:0.036519048230907	D:0.0446066746459238	D:0.0491616236529859	D:0.0539901557741593	D:0.0650397643413326	D:0.0798590541911233	D:0.0306854499850675	D:0.0679708179705347	D:0.049520568571742	D:0.00721545518209172
D:35	D:2000	D:-0.0567252610956234	D:-0.03319581735748	D:-0.0188353794180882	D:-0.00971048204709404	D:-0.00157159383598784	D:0.0150487563920004	D:0.0277317200730845	D:-0.0416167772566674	D:0.0236025678863393	D:-0.00985799467242081	D:0.0124108757004717	D:0.0295861425267346	D:0.0368097083147678	D:0.0445679811501353	D:0.0493434857171216	D:0.0543239182920942	D:0.065193684314033	D:0.0765930514582621	D:0.0317480587894922	D:0.0689449716456604	D:0.0497319904820858	D:0.00720657503487697
D:36	D:2000	D:-0.0476048580917184	D:-0.0331379465565459	D:-0.0183966247033495	D:-0.0105079625847814	D:-0.00214123097924615	D:0.0131657867960739	D:0.0306784301941767	D:-0.0426033323200457	D:0.0217410917657246	D:-0.0102033631369245	D:0.0119523845217833	D:0.0313458502951258	D:0.0374270961525846	D:0.0447535594974681	D:0.049110200057885	D:0.0540151904980289	D:0.0641145208061304	D:0.0808007766567432	D:0.0313458502951258	D:0.0678156415615686	D:0.0496839403534333	D:0.00689356250245315
D:37	D:2000	D:-0.0525919543811714	D:-0.0335942551147093	D:-0.0186697686290611	D:-0.0106064239495184	D:-0.00222691466733591	D:0.0140647270199772	D:0.0338150396208634	D:-0.0418966591539657	D:0.0218300543458124	D:-0.0102803095393026	D:0.012207061644326	D:0.027489930946036	D:0.0368646788457105	D:0.0445409078113336	D:0.0488172804941939	D:0.0537782877780252	D:0.0640529194268681	D:0.0811160025580026	D:0.030755786271555	D:0.0674330329424553	D:0.0493377247745901	D:0.00701685547117718
D:38	D:2000	D:-0.0512851529571268	D:-0.0325046564343481	D:-0.0176641477583887	D:-0.0101448775149221	D:-0.00245537713082199	D:0.0123079623826711	D:0.0351472648065944	D:-0.0403295238220959	D:0.0195380976088264	D:-0.0102301467739379	D:0.0113602736475582	D:0.0303078074803557	D:0.0369927288126841	D:0.0449598727824152	D:0.0491310758640093	D:0.0539250073661413	D:0.0641552330550496	D:0.0789312971644652	D:0.0317604286038426	D:0.067364184601877	D:0.0495637902705849	D:0.00689189734331268
D:39	D:2000	D:-0.0511899229958743	D:-0.0338203222566526	D:-0.0184291530785402	D:-0.0104677975900323	D:-0.00253540488653836	D:0.012147842915558	D:0.0355086463160092	D:-0.04196391587803	D:0.0205794201737756	D:-0.0105184114198199	D:0.0118570477449844	D:0.030572555412919	D:0.0372009541210613	D:0.0449459011982848	D:0.049339708088705	D:0.0540076698655813	D:0.0636448728921065	D:0.076406882170559	D:0.0317175295922448	D:0.0674087828719205	D:0.0496228306130109	D:0.00671383974768954
D:40	D:2000	D:-0.0474929464827817	D:-0.0320981367892136	D:-0.0176967672336801	D:-0.010404322155068	D:-0.00275257252715427	D:0.0127049686809432	D:0.0357354646773851	D:-0.0397375432634512	D:0.0196025350230766	D:-0.0101743627628721	D:0.0114526336001584	D:0.0304876227233698	D:0.0377331364941333	D:0.0448977889272639	D:0.0493089393135001	D:0.0541166567898551	D:0.0632863044338252	D:0.0754455497997821	D:0.0313140746722676	D:0.067585674016219	D:0.0496946466523442	D:0.00671283257151677
D:41	D:2000	D:-0.0481092576842648	D:-0.0312252819136833	D:-0.0179211998303305	D:-0.0101557160139544	D:-0.00254690755546343	D:0.0123458888508958	D:0.0342128917247375	D:-0.0403585976880831	D:0.0203139994628425	D:-0.0101391410152572	D:0.0112538806763996	D:0.0283959303571132	D:0.0376162948586643	D:0.0451452841373009	D:0.0490967578710954	D:0.0539296189128443	D:0.0634178927660012	D:0.0790043235306311	D:0.0324028622603641	D:0.0665263448025769	D:0.0495896472582618	D:0.00651928118586932
D:42	D:2000	D:-0.0456065459950174	D:-0.0322549560789863	D:-0.0178449123533544	D:-0.00996597592605344	D:-0.00221299879100844	D:0.0121972416142251	D:0.0301214305401986	D:-0.0402470033117293	D:0.0206852616327224	D:-0.0100696523688054	D:0.011322107977725	D:0.0292701374497108	D:0.037881966668173	D:0.0450360209683201	D:0.0492627759363679	D:0.0541516273957909	D:0.0626559577198292	D:0.0807459376564407	D:0.0318902442425817	D:0.0674783012009976	D:0.049720101412077	D:0.00656157191585793
D:43	D:2000	D:-0.0484054095760562	D:-0.0316730530781521	D:-0.0185290587498002	D:-0.0110713955147425	D:-0.00280933536200856	D:0.0117269768315079	D:0.0340439281321024	D:-0.0407255627294578	D:0.0206892818460175	D:-0.0106016934507394	D:0.0113237070955152	D:0.0279586488834133	D:0.0377622202730708	D:0.0450886091434427	D:0.0491168497171064	D:0.0534715100434582	D:0.0637053612475356	D:0.0773000993504164	D:0.0334002820592989	D:0.0660189097830731	D:0.0495132526598563	D:0.00648435708311316
D:44	D:2000	D:-0.0494436781058277	D:-0.0320812903444183	D:-0.0174149149133065	D:-0.010119369519027	D:-0.00297748283302954	D:0.0118754435306243	D:0.023386827499591	D:-0.037780188957227	D:0.0184493229567282	D:-0.0102166257201731	D:0.0108938440814038	D:0.0304272014109642	D:0.0381646082417537	D:0.0451806527587085	D:0.0492722288539052	D:0.0538365962079552	D:0.0631244087840345	D:0.0771733356913795	D:0.0328618895870989	D:0.066765805084668	D:0.0496303748233733	D:0.00647473889523873
D:45	D:2000	D:-0.0452563987548799	D:-0.0304617192831882	D:-0.0175784567798693	D:-0.0101016340670533	D:-0.00259625656361128	D:0.0107200632828855	D:0.0359219396007806	D:-0.039968651272288	D:0.0197820806543778	D:-0.0100559816496803	D:0.0109122193525274	D:0.0297290670892816	D:0.037744703415584	D:0.0448613708990955	D:0.0491369324634909	D:0.0535267654377134	D:0.0623279962192073	D:0.0733083576782415	D:0.0334057415252043	D:0.0663244324746264	D:0.0493777503914267	D:0.00633475780439578
D:46	D:2000	D:-0.0474336534595457	D:-0.0309789312819877	D:-0.0177321577705511	D:-0.0105914635714381	D:-0.00298485787434298	D:0.0109900383149912	D:0.0242449742536526	D:-0.0397715866760875	D:0.0189501440691663	D:-0.0104637771717562	D:0.0108526051655672	D:0.0305420083966054	D:0.037887585051742	D:0.045084254848397	D:0.048903160601915	D:0.053304324701477	D:0.0622534546962504	D:0.0794413641039694	D:0.0331366362576746	D:0.0654659223282631	D:0.0492071915084354	D:0.00622376386581639
D:47	D:2000	D:-0.0560501861103351	D:-0.0298680300498923	D:-0.0170940183354828	D:-0.00972131230712635	D:-0.00288352804789561	D:0.011209388522369	D:0.0228413558941296	D:-0.0369590930873779	D:0.0178426385567286	D:-0.00991970189635079	D:0.0105703578128709	D:0.0338402717790415	D:0.0384737273842341	D:0.045163981401984	D:0.0491879713425072	D:0.053634737314049	D:0.0634276454412815	D:0.0739555160041478	D:0.0338402717790415	D:0.0662691598190313	D:0.0495562914923881	D:0.00629455444394112
D:48	D:2000	D:-0.0424346751015188	D:-0.030581110126674	D:-0.0174780725803667	D:-0.0110921349617915	D:-0.00429907261848766	D:0.0108537535367963	D:0.021978117079899	D:-0.0368278398829837	D:0.0150898504682325	D:-0.010703293391873	D:0.0103316898073766	D:0.0326833024948413	D:0.0384019278707677	D:0.0454804615847371	D:0.0491237119949238	D:0.0533440872008035	D:0.0617621073234916	D:0.0767636224832652	D:0.034140375354738	D:0.0650268462883322	D:0.0494878817512372	D:0.00602794808500178
D:49	D:2000	D:-0.0562903506927252	D:-0.0304118877435774	D:-0.0174439940503617	D:-0.0110900030029002	D:-0.00357219085658342	D:0.0101730366452749	D:0.0282728469343961	D:-0.0379068170650875	D:0.0166493704601787	D:-0.0106218492333014	D:0.0105047333504239	D:0.0311900690603756	D:0.0384628923322283	D:0.0451444884029252	D:0.0489882602043333	D:0.0535561001932068	D:0.0624512819800599	D:0.0773672939706482	D:0.0328252363920003	D:0.0657509534102411	D:0.0494808682769721	D:0.00619189892359612
D:50	D:2000	D:-0.0434375399154431	D:-0.030950805136386	D:-0.0167976077302361	D:-0.0105709988239137	D:-0.0035291819901194	D:0.00942017393868673	D:0.0261312047682128	D:-0.0366417802194983	D:0.0163504265362628	D:-0.0103419788137707	D:0.0102924214277721	D:0.0315074452775619	D:0.0383464060586221	D:0.0454313591278245	D:0.0491622626874585	D:0.053481721115791	D:0.0615923745048111	D:0.0707316894099465	D:0.0334334225542938	D:0.0654868637169049	D:0.0495327861577679	D:0.005893624936008
D:51	D:2000	D:-0.0435249064124893	D:-0.0292148286223712	D:-0.0168820689352978	D:-0.00999194409082695	D:-0.0032789626003806	D:0.0101950794702396	D:0.0275173433274603	D:-0.0372446175880612	D:0.0164682287820648	D:-0.00997426147888619	D:0.0101248998934298	D:0.0333960879718107	D:0.0387913224737108	D:0.0453613773650433	D:0.0492421231246142	D:0.0532515701864735	D:0.0621928810472372	D:0.0709790599323385	D:0.0340767446516517	D:0.0649585780217315	D:0.0494351948486603	D:0.00589337442691038
D:52	D:2000	D:-0.0421855360902228	D:-0.029987747934332	D:-0.0168680891588438	D:-0.00968597791379932	D:-0.00311666606857274	D:0.0101491625156832	D:0.0224304717179383	D:-0.0372702159761285	D:0.0172511859117922	D:-0.00989717326492983	D:0.0101639723359095	D:0.0333330724761606	D:0.0387554863852212	D:0.0451559970885448	D:0.0490790215608108	D:0.0535393286357181	D:0.0620588243668974	D:0.0717424538290853	D:0.0333330724761606	D:0.0658592351983877	D:0.0495321437054583	D:0.00595270944471499
D:53	D:2000	D:-0.0504638412864885	D:-0.0303226274065494	D:-0.0169306151494111	D:-0.0107745632779012	D:-0.00381561935978399	D:0.00928219776147758	D:0.0246653479045296	D:-0.0364047894905123	D:0.0158087533802874	D:-0.010478961769953	D:0.0100047810245958	D:0.0315568124184289	D:0.0392271944147609	D:0.0454301015408819	D:0.0489803115939825	D:0.0529107332056844	D:0.0623015375100207	D:0.0746688673292341	D:0.03479911890885	D:0.0640561358061389	D:0.0494892435074102	D:0.00593615592691483
D:54	D:2000	D:-0.0464286154688169	D:-0.0291563375823822	D:-0.0166535565358878	D:-0.0104426216563199	D:-0.0039311353904188	D:0.00843461779195697	D:0.0244863299244282	D:-0.035713704329923	D:0.0148956708636499	D:-0.0102354602745037	D:0.00969544821475628	D:0.0305925766276128	D:0.0391552761763477	D:0.0452914879179013	D:0.04926877133789	D:0.0534389286731253	D:0.0611869420212942	D:0.0723082674094888	D:0.0342068848787685	D:0.0655402423815499	D:0.0495085855235934	D:0.00580775551081396
D:55	D:2000	D:-0.0448914247190571	D:-0.0292395532877824	D:-0.0165018350293377	D:-0.00996752641221783	D:-0.00351697546071038	D:0.0102239851757364	D:0.0303522459134684	D:-0.0359352032158777	D:0.0155463393244848	D:-0.0100031083991541	D:0.0099417853201044	D:0.0316603849502529	D:0.0386249461240422	D:0.045326412853601	D:0.049007515510471	D:0.0532299785519797	D:0.0605488414130854	D:0.0693994954047832	D:0.0339888906993018	D:0.0646932938688338	D:0.0492808967451245	D:0.00574583907295303
D:56	D:2000	D:-0.0466237373392453	D:-0.0294213708787527	D:-0.0164502761615129	D:-0.0100333341944551	D:-0.00343407143142393	D:0.0084711278469732	D:0.0257297070979661	D:-0.0357492024473889	D:0.0155166640585953	D:-0.0100990036889016	D:0.00980852363519597	D:0.0346979927077432	D:0.0394917731928872	D:0.0455418448166919	D:0.049277933438399	D:0.053151179255564	D:0.0615101842026277	D:0.0698709939920062	D:0.0346979927077432	D:0.0643179242515273	D:0.049576408066503	D:0.00569092689199104
D:57	D:2000	D:-0.0417208877717295	D:-0.0295537856223155	D:-0.0166978622781636	D:-0.00999115520821008	D:-0.00363907384694689	D:0.00787342843656953	D:0.0237001096966908	D:-0.0347011750645135	D:0.0148299100648893	D:-0.0102232589874833	D:0.00965998897208625	D:0.0334204107703042	D:0.0394989176446526	D:0.0455987766957263	D:0.0491405037626423	D:0.0530054180772537	D:0.0605802280566857	D:0.0728808686615696	D:0.0345545282314644	D:0.0640547252077771	D:0.0494038900314004	D:0.0055510474741543
D:58	D:2000	D:-0.0412245830161886	D:-0.0289545655519841	D:-0.0170973164151651	D:-0.0109752857077677	D:-0.00440556840450321	D:0.00838149857454484	D:0.0188003291583503	D:-0.0360744040197225	D:0.0143981328971252	D:-0.0108339596666359	D:0.00951656020298853	D:0.0331142119208546	D:0.0392403671876237	D:0.0457109432674426	D:0.0490731044224026	D:0.0529357310037388	D:0.0606491979106514	D:0.0696886131931746	D:0.0356888169255078	D:0.0637214591401379	D:0.0494273165625107	D:0.00551986405881047
D:59	D:2000	D:-0.0427570107212552	D:-0.0289456079275189	D:-0.0167873031443727	D:-0.0103683994379014	D:-0.00380548530843108	D:0.00804134618257515	D:0.0185298690539299	D:-0.0361114863525489	D:0.0148299100648893	D:-0.0104449321715386	D:0.00958454750523447	D:0.0318115639874833	D:0.0391164220179611	D:0.045666083719426	D:0.0493041343412146	D:0.0530332735595008	D:0.0607878214995042	D:0.0713004566291962	D:0.0353768152367066	D:0.0636531363887083	D:0.0494779778348953	D:0.00556361162608818
D:60	D:2000	D:-0.0467263509469071	D:-0.0284711453347578	D:-0.0163919285530202	D:-0.010450066536886	D:-0.00374963362533804	D:0.00923269472684493	D:0.0249968519455976	D:-0.0352088952869513	D:0.0151001984839972	D:-0.0100772510188805	D:0.00958834237401368	D:0.0316783731182221	D:0.0393964826266158	D:0.0457730471039157	D:0.0491347372905414	D:0.0531625379715706	D:0.0613714508442791	D:0.0706059061754319	D:0.0350299813479521	D:0.0640761932577928	D:0.0495743159988283	D:0.00559774068903411
D:61	D:2000	D:-0.042549849313217	D:-0.0272256855351841	D:-0.0163461216992901	D:-0.0096667408935985	D:-0.0036719160697482	D:0.0088663617767945	D:0.0199816857187417	D:-0.0338145347844313	D:0.0144604095609544	D:-0.00983219689546688	D:0.00927451994284123	D:0.032846972725554	D:0.0395138872104686	D:0.0459265231227873	D:0.0493341522534651	D:0.0531345783139761	D:0.0610212459560692	D:0.0685967043420045	D:0.0354587689237626	D:0.0635571663627651	D:0.0495770810335918	D:0.00546671528737371
D:62	D:2000	D:-0.0414582250533408	D:-0.026786405479618	D:-0.016265404162597	D:-0.0101905398336763	D:-0.0038381679766293	D:0.00731958888835868	D:0.0244211619533655	D:-0.0344886709187527	D:0.0147368679874802	D:-0.0100110563630265	D:0.00897988287155296	D:0.0306758588518384	D:0.0391248846455252	D:0.0455817830327215	D:0.0493117726480571	D:0.0534149710478461	D:0.0614348061730301	D:0.0682574731105312	D:0.0340031414413529	D:0.0651433904875659	D:0.0495593444868152	D:0.00571495243244271
D:63	D:2000	D:-0.0403860939875128	D:-0.0288090441947917	D:-0.0163859536805683	D:-0.0103720766947046	D:-0.0040746177477154	D:0.00751210553340282	D:0.0193470022696144	D:-0.0341737083993424	D:0.0139794054088325	D:-0.0102865264184608	D:0.00902135162998062	D:0.0319905137368931	D:0.0393333809657727	D:0.0454474954204381	D:0.0488725444528397	D:0.0528427602007083	D:0.0609066020129691	D:0.0702586249142176	D:0.0344343651287737	D:0.0638469638448187	D:0.049297380278382	D:0.00548445097049959
D:64	D:2000	D:-0.0443229724110485	D:-0.027325401397903	D:-0.0158592235249064	D:-0.00998294344835371	D:-0.00451116971816305	D:0.00789107294151939	D:0.0216818360396627	D:-0.032689790151206	D:0.0122364337102285	D:-0.0101014946462404	D:0.00890429394192344	D:0.0350385375283978	D:0.0401230357704156	D:0.0460714945574186	D:0.049348169073747	D:0.0529016402131896	D:0.061110165747628	D:0.0695415964139746	D:0.0361265711754197	D:0.0630689298932286	D:0.049657052429317	D:0.00523359700838332
D:65	D:2000	D:-0.0421629872008009	D:-0.0285649415854558	D:-0.016696338682514	D:-0.0104307698231072	D:-0.00423299429990849	D:0.00707473727132302	D:0.0214127361629833	D:-0.0351590680945554	D:0.014438440226207	D:-0.0104808360734297	D:0.00917644347549615	D:0.0317501909884184	D:0.0399076942403932	D:0.0457266422214624	D:0.0491007389681565	D:0.052742415949183	D:0.0606714946896875	D:0.0703202289260604	D:0.0363023381223962	D:0.0631376424236822	D:0.0494050488577648	D:0.00528995142848283
D:66	D:2000	D:-0.0381728282765141	D:-0.0279094969302261	D:-0.0162605358138152	D:-0.010294410827887	D:-0.004724949642497	D:0.0071863415054065	D:0.0198770594229685	D:-0.0335001510604124	D:0.0124733991033468	D:-0.0104264059924643	D:0.00886011404279143	D:0.0352305434899615	D:0.0397065355429974	D:0.0456096636562295	D:0.0489508118762051	D:0.052793637089487	D:0.0602928269065615	D:0.0736646522142863	D:0.0352305434899615	D:0.0634187518635795	D:0.049321727042658	D:0.00532025249840913
D:67	D:2000	D:-0.0401316586661887	D:-0.0269812432399469	D:-0.0162633126471262	D:-0.010281864571424	D:-0.00470483464909232	D:0.00736832086375179	D:0.0191209898268408	D:-0.0332485266457494	D:0.0117312104678579	D:-0.0103594768224196	D:0.00868162620598418	D:0.033850133002191	D:0.039939136344583	D:0.0459425457757017	D:0.0493648060399289	D:0.052768223863546	D:0.0600966668194021	D:0.0691791650883256	D:0.0362781489697796	D:0.0629800167553886	D:0.0494800523295434	D:0.00515957014193
D:68	D:2000	D:-0.0368485037631172	D:-0.027214115152936	D:-0.0164099899252627	D:-0.0099900740420698	D:-0.00422584204526538	D:0.00734727118133476	D:0.0249442720615109	D:-0.0346754721070897	D:0.0140413965970364	D:-0.0101277085991644	D:0.00890382132654898	D:0.031631397023756	D:0.0396949811927801	D:0.0456966642987876	D:0.0491230596609692	D:0.0530708992531079	D:0.0595194215200933	D:0.0676987633598228	D:0.0360661716080622	D:0.0633173840846973	D:0.0493709313893279	D:0.0051938014278079
D:69	D:2000	D:-0.042154894469823	D:-0.0273790544648839	D:-0.0162022261930832	D:-0.0102938360343633	D:-0.00478981234803856	D:0.00765386912725508	D:0.0207312680289254	D:-0.0320403297148601	D:0.0121725805650955	D:-0.0102927752194551	D:0.00893812860983353	D:0.0348333140894022	D:0.0398003563096628	D:0.0456810631964633	D:0.0491590766403009	D:0.0530186593116824	D:0.0605114273560037	D:0.0689101507592226	D:0.0348333140894022	D:0.063503252771143	D:0.0495213833568676	D:0.00531886792177978
D:70	D:2000	D:-0.0415603161152836	D:-0.0283573180160092	D:-0.01618482344857	D:-0.0103400469264871	D:-0.00468574373197556	D:0.00524963783751265	D:0.0140308791305307	D:-0.0328951785485879	D:0.0119797254391421	D:-0.0105751847077178	D:0.00855206046256273	D:0.0345278687193069	D:0.0401629871825524	D:0.045829633028563	D:0.0492231071890852	D:0.0527288524373511	D:0.0599604753113521	D:0.0681228214748951	D:0.0359497829669989	D:0.0630392866760827	D:0.0494284109578915	D:0.00510544863175747
D:71	D:2000	D:-0.045145130165296	D:-0.0269654157486971	D:-0.0160816570309529	D:-0.0103029118232125	D:-0.00432261722328228	D:0.00678812902917367	D:0.0193293303299383	D:-0.0333316377752829	D:0.0127581350677231	D:-0.0102182868565	D:0.0086953825455842	D:0.0328816462254006	D:0.0399806882248531	D:0.0460231250380969	D:0.0493388059360339	D:0.0527979569201016	D:0.0600365328718302	D:0.0675019156140469	D:0.036225264757181	D:0.0627883099877945	D:0.049492875538072	D:0.00504806183451952
D:72	D:2000	D:-0.0393222133689821	D:-0.0267833380044528	D:-0.0156874015073134	D:-0.0100197166448572	D:-0.00446275945004939	D:0.00542971173532791	D:0.0223148325836076	D:-0.0323249063111144	D:0.0119058665213344	D:-0.0101626943297865	D:0.00837278108378631	D:0.0361888772857703	D:0.0401237895717072	D:0.0460374909435031	D:0.0491277195329245	D:0.0525195677063623	D:0.060054390401564	D:0.066770240038554	D:0.0365053456859218	D:0.0621758807264863	D:0.0493952057722474	D:0.00500449532585406
D:73	D:2000	D:-0.0508708525326733	D:-0.0263025134269857	D:-0.0159203795123564	D:-0.0104103041984814	D:-0.00444524325651857	D:0.00670359629196773	D:0.0188383657302706	D:-0.0321747079649945	D:0.0127654339137719	D:-0.0101666247537329	D:0.00846693513342098	D:0.0356037034050709	D:0.0401032602003325	D:0.0457630825575646	D:0.0491572469307685	D:0.0525231112280848	D:0.0598789466054313	D:0.0684688241037698	D:0.0356566464533561	D:0.0625517722509013	D:0.0493231004824164	D:0.0050292689268977
D:74	D:2000	D:-0.0382318967025495	D:-0.0274023770570317	D:-0.0158823816685775	D:-0.0105770057525053	D:-0.00503458032489774	D:0.0056782001732708	D:0.0146908783975568	D:-0.0320378024370874	D:0.011015035116975	D:-0.0105066572008151	D:0.0084144344790957	D:0.0345693379700558	D:0.0399527734457242	D:0.0459170248070074	D:0.0492446007846292	D:0.0526609160123735	D:0.0598506580657675	D:0.0691264155788773	D:0.0361944124484559	D:0.062662985575437	D:0.0493944947374351	D:0.00503989200640721
D:75	D:2000	D:-0.0387209751949517	D:-0.0263937208464705	D:-0.0160619016564885	D:-0.0105800814115888	D:-0.00525192798098686	D:0.00536825064531086	D:0.018168407409071	D:-0.0320838029244823	D:0.0109572968813065	D:-0.0106501537929255	D:0.00828474089469451	D:0.0334775551234398	D:0.0406268663756019	D:0.0459444306717558	D:0.0491007389681565	D:0.0524185913010539	D:0.0597084907753054	D:0.071394076021151	D:0.0363516616993586	D:0.0620129383189783	D:0.0493017797456136	D:0.0048419827743558
D:76	D:2000	D:-0.0374781971104946	D:-0.027104240311231	D:-0.015163875019578	D:-0.0101183369239242	D:-0.004822078463115	D:0.00632008498267738	D:0.0166566080189748	D:-0.0305501658927794	D:0.00984001347973168	D:-0.0100635153526371	D:0.00820087392923105	D:0.0338003836389845	D:0.0407601501626785	D:0.0458874490299171	D:0.049187833527707	D:0.0526129304806285	D:0.059053316045521	D:0.0664785909829099	D:0.0370458563874622	D:0.0626554666041552	D:0.0494045419767658	D:0.00481060478306704
D:77	D:2000	D:-0.0380163601203305	D:-0.0265058213997895	D:-0.0158575140734692	D:-0.0103099204791045	D:-0.00509314135989856	D:0.00627335752439803	D:0.0147153500419322	D:-0.0318928827798675	D:0.0109776825523391	D:-0.0103933162766327	D:0.00836304224682812	D:0.0329852557647914	D:0.0398349346208068	D:0.0458326172063187	D:0.0489894286223626	D:0.0524576330191568	D:0.0594691765262613	D:0.073240637113671	D:0.03605111946866	D:0.0623517772708747	D:0.0492710908209164	D:0.00493835361556923
D:78	D:2000	D:-0.0398297628386645	D:-0.0263543388853235	D:-0.0158262842628434	D:-0.0103040303386933	D:-0.00466353274287385	D:0.00605807004433954	D:0.018215619410146	D:-0.031829661050646	D:0.011892467338933	D:-0.0102884916486619	D:0.00833203629693592	D:0.0353933698185322	D:0.0409950101200699	D:0.0461667759138319	D:0.0491445480411062	D:0.0527209977050275	D:0.0594945909339727	D:0.0730250318339501	D:0.0366810728138795	D:0.0621355634778882	D:0.0495315569420414	D:0.00479935728956361
D:79	D:2000	D:-0.0369814155807903	D:-0.0262694077016536	D:-0.0154213825679992	D:-0.0101217651560304	D:-0.00505267640779211	D:0.00603424699719113	D:0.0239845273530661	D:-0.0308044800493525	D:0.0104436344259498	D:-0.0102050498351351	D:0.00809323254046502	D:0.0325450288045201	D:0.0405286332048801	D:0.0460004650961051	D:0.0491402137685549	D:0.0526065979367286	D:0.0600521958092528	D:0.0666103160690885	D:0.0363528534194685	D:0.0624338456120891	D:0.0493975675211229	D:0.0049275667746142
D:80	D:2000	D:-0.0382213937803609	D:-0.0252405738064066	D:-0.0153599552939164	D:-0.0102885453517126	D:-0.00505505866452729	D:0.00505293251165224	D:0.0206751756514811	D:-0.0306840187279014	D:0.0100703209564084	D:-0.0101467956458546	D:0.00784071299808487	D:0.0336742464697902	D:0.0411247506469965	D:0.0463410023898291	D:0.049309174070969	D:0.052495170125413	D:0.0596559232345478	D:0.0685847824943973	D:0.0372071322719063	D:0.0616236971027065	D:0.0495698580598199	D:0.00474247602579316
D:81	D:2000	D:-0.0384096283977288	D:-0.0258568540970376	D:-0.0158640134163072	D:-0.0104944457438479	D:-0.00503266131775545	D:0.00563521692497267	D:0.0195961280941674	D:-0.0315562285041792	D:0.0111921655242477	D:-0.0103292679337739	D:0.00810356871273218	D:0.0353632218796916	D:0.0407212262750919	D:0.0460848573165115	D:0.0494139461696707	D:0.0526282188269422	D:0.0594184725216067	D:0.0692628764818171	D:0.0363841006947503	D:0.0623547443486514	D:0.0494933850401301	D:0.00479832302880062
D:82	D:2000	D:-0.0357146082442567	D:-0.0266724511046953	D:-0.015177942435356	D:-0.0102513238784023	D:-0.00509620335597297	D:0.0047053060355333	D:0.0171983117919517	D:-0.0302716893098661	D:0.00984813789231403	D:-0.010274700009039	D:0.00794991062703235	D:0.0319834793986481	D:0.0407759637721148	D:0.0462173844571866	D:0.0491730603595468	D:0.0525524427724628	D:0.0591624363818916	D:0.0658420808093854	D:0.0368301533719028	D:0.0620185718286421	D:0.0493700454500096	D:0.00468186860240205
D:83	D:2000	D:-0.0378852634878241	D:-0.0261483007657731	D:-0.015924423155899	D:-0.0106526210144969	D:-0.00511610906439118	D:0.00473059853817059	D:0.01677415114926	D:-0.0307170794794449	D:0.0106447246727111	D:-0.0104464475928532	D:0.00797475627796878	D:0.0356120253165329	D:0.0407574272528643	D:0.0459814431281604	D:0.048984471166974	D:0.052441134252668	D:0.0590766262290202	D:0.06442111194144	D:0.0364939303538318	D:0.0620685647082737	D:0.0492971835794986	D:0.0047516362204721
D:84	D:2000	D:-0.0411150006158912	D:-0.0256703488270548	D:-0.0155273539022954	D:-0.0102485699746564	D:-0.00490442648440789	D:0.00528079444348566	D:0.0254623277362418	D:-0.0312552946141915	D:0.0109668849560567	D:-0.010237100921647	D:0.00809536792475309	D:0.0369113310779635	D:0.040916462040258	D:0.0462056718092848	D:0.0491818392588371	D:0.0522512131333787	D:0.0592387011815309	D:0.0678333121601286	D:0.0372218979428145	D:0.0612680658447917	D:0.0493813587889539	D:0.00460317099240793
D:85	D:2000	D:-0.0361200412267787	D:-0.0254789537190926	D:-0.0157329943376385	D:-0.0104301258901489	D:-0.00492754436605833	D:0.0061405498474136	D:0.0142401666535065	D:-0.0319406134409417	D:0.0111048297731883	D:-0.0102697109538178	D:0.00808818762862492	D:0.0368275420253747	D:0.0409314272051313	D:0.0462544423694457	D:0.0491685300161248	D:0.0523519791712838	D:0.0583565022703103	D:0.0677296474948016	D:0.037273832719894	D:0.0611566208387967	D:0.0493272452240741	D:0.00447338991256083
D:86	D:2000	D:-0.0368163416202302	D:-0.02560839459443	D:-0.0153534618522545	D:-0.0105327489184098	D:-0.00541819035379583	D:0.00478606200364391	D:0.0153430353202913	D:-0.0297099912547543	D:0.00946418754754267	D:-0.0104559723976435	D:0.0076892814572088	D:0.0374116871448241	D:0.041003304469835	D:0.0460851698301033	D:0.0491705445851631	D:0.0522354054140281	D:0.059634612647194	D:0.0657605392360885	D:0.0374116871448241	D:0.0614058839363031	D:0.0493181997264574	D:0.00464402027758141
D:87	D:2000	D:-0.0417177282035981	D:-0.0259345766406176	D:-0.0152441129637926	D:-0.0104356543076649	D:-0.00541113157585981	D:0.00485336782686003	D:0.0191932751710034	D:-0.0295470737152422	D:0.00893529004396404	D:-0.0103747168664357	D:0.00780189148873293	D:0.0355764531852555	D:0.0409984588497089	D:0.0463171362419499	D:0.0490967578710954	D:0.0522931941324699	D:0.0593188450400435	D:0.0685062853451928	D:0.0375237236413561	D:0.0610403678182483	D:0.0493577564514079	D:0.00458471824720074
D:88	D:2000	D:-0.033885684193726	D:-0.0244997922452124	D:-0.0153989125754901	D:-0.0101318353221134	D:-0.00475667704030954	D:0.00474672211992434	D:0.0140931353289032	D:-0.0309080561865937	D:0.0110679292346061	D:-0.0101163362261837	D:0.00761047654245146	D:0.0367014840367408	D:0.0408795014353148	D:0.0460265245162649	D:0.0491488079179481	D:0.0522406142730853	D:0.0591195778909529	D:0.0670785853343325	D:0.0368738336120869	D:0.0615395036065575	D:0.0492822031471464	D:0.00459194067754623
D:89	D:2000	D:-0.0352065720300394	D:-0.0254219737166521	D:-0.015145451377078	D:-0.00990085820741791	D:-0.00525503481448433	D:0.00475374847765571	D:0.0146961270540673	D:-0.0294481926834424	D:0.00942015196906789	D:-0.0101887916403238	D:0.00775840645083205	D:0.035916038150888	D:0.0410641270015408	D:0.0461828258628038	D:0.0491192777205851	D:0.052316727147656	D:0.0580877405745014	D:0.0640513649197058	D:0.0374837318404343	D:0.0613244336703169	D:0.04931359473476	D:0.00444180313257875
D:90	D:2000	D:-0.0341595748969107	D:-0.0251091495445013	D:-0.0152265669095005	D:-0.0105985163396565	D:-0.005403850840482	D:0.00453400100578973	D:0.0144996504366081	D:-0.0295382101404353	D:0.00893156026103486	D:-0.0103790467001056	D:0.00759416129585799	D:0.0347033479436637	D:0.0407482916536103	D:0.04606161684869	D:0.0491552551710066	D:0.0524375158310205	D:0.0588385131586997	D:0.0674241010743655	D:0.0367097151719588	D:0.0619732302227202	D:0.0493513759246954	D:0.00466478977406706
D:91	D:2000	D:-0.0354559729497361	D:-0.0252472011401358	D:-0.0154370767273476	D:-0.0102526381810354	D:-0.00522278354925729	D:0.00466939649234835	D:0.0165581240103609	D:-0.0302363445258337	D:0.0100767668555336	D:-0.0102513564388167	D:0.00768246411164321	D:0.0329277705802168	D:0.0412203171114324	D:0.046322459986408	D:0.0491714092425426	D:0.0520068589057208	D:0.0580311606975154	D:0.0674270730138516	D:0.0379789417335272	D:0.0604160977888711	D:0.0493002112309305	D:0.00430629010383027
D:92	D:2000	D:-0.0351012178664107	D:-0.0252114177253725	D:-0.0149764461552396	D:-0.0101850126375111	D:-0.00488007527950662	D:0.00492981693166149	D:0.0140149698199638	D:-0.0294051425352927	D:0.0101852887762785	D:-0.010017810316793	D:0.00758562463315051	D:0.0356499826601729	D:0.0410443914884584	D:0.0462446772984481	D:0.0493286087277017	D:0.0524725196178713	D:0.0591036724243326	D:0.0649915880309346	D:0.038070471158582	D:0.0616408960409862	D:0.049491330412576	D:0.00458561906010965
D:93	D:2000	D:-0.0372891344077095	D:-0.0255710403014498	D:-0.0154111052583228	D:-0.01054595554409	D:-0.00560137137119127	D:0.00472516938010513	D:0.0128910954584578	D:-0.0297010633781641	D:0.00829050801110537	D:-0.0105508383836901	D:0.00764257253966299	D:0.0359268105731924	D:0.0410607533006359	D:0.0459647556842742	D:0.048986173200373	D:0.0524719125787343	D:0.0587680033822882	D:0.0670082522061281	D:0.0365456530707646	D:0.0621984191983834	D:0.0492653628063751	D:0.00455384042655245
D:94	D:2000	D:-0.0360117104290814	D:-0.0244707136064847	D:-0.0150823808036528	D:-0.0099646167164719	D:-0.00488219379284136	D:0.00457850654863693	D:0.0222272451496859	D:-0.0302428006650113	D:0.010370958782476	D:-0.0100083711305716	D:0.00753356949330727	D:0.0362548272909297	D:0.0411665947118605	D:0.0462881424901778	D:0.0492897665247369	D:0.0520900505791684	D:0.0583037639135475	D:0.0674675861948958	D:0.0379258521294068	D:0.0606657724791628	D:0.0493310803495797	D:0.00444519924238666
D:96	D:2000	D:-0.0347589126932504	D:-0.0248020085850154	D:-0.0148918788458399	D:-0.0102686091151763	D:-0.00530016501379762	D:0.00404645986511918	D:0.0159404285985073	D:-0.0292085148161462	D:0.00881043888354709	D:-0.0101844843336051	D:0.00735254453034011	D:0.0364625248034181	D:0.0411473307109547	D:0.0463943207350892	D:0.0491643939801912	D:0.0521820896229873	D:0.0584517305146556	D:0.0681580062993104	D:0.0379224406741559	D:0.0608070296335166	D:0.0493754138701361	D:0.00433591481838305
D:97	D:2000	D:-0.0353856484511571	D:-0.0246209760981987	D:-0.0152913389963115	D:-0.010724254882808	D:-0.00545875091898121	D:0.00407182676524132	D:0.0181105030267209	D:-0.0300111986075263	D:0.00924689880053127	D:-0.0104574384122491	D:0.00738291081840445	D:0.0359304601807581	D:0.0412206975813529	D:0.0462535629177796	D:0.0492103919021065	D:0.0522552411040947	D:0.0578829362763969	D:0.0640387235218026	D:0.0375051528851615	D:0.0611754825588869	D:0.0493648257106806	D:0.00432754442440784
D:98	D:2000	D:-0.0361266659643064	D:-0.0249304272318326	D:-0.0151456369986284	D:-0.0103582238196085	D:-0.00538820231988581	D:0.00418132802881182	D:0.0144801868067035	D:-0.0294178191563134	D:0.00921140860996746	D:-0.0103387221291895	D:0.007455968979031	D:0.0355803481280737	D:0.0416908444510301	D:0.04642270659177	D:0.049110835165609	D:0.0521410173844062	D:0.0583212170808979	D:0.0654250598637903	D:0.038191103688172	D:0.0605885195099253	D:0.0494137099023302	D:0.00426718045812096
D:99	D:2000	D:-0.0347872527219559	D:-0.0247377052697384	D:-0.0150705083950123	D:-0.0105961275630121	D:-0.00534779770343893	D:0.00421173389794466	D:0.0129161032004551	D:-0.0293860699717667	D:0.00922462806069425	D:-0.0103274189566454	D:0.0073840520027532	D:0.0367808880368698	D:0.0413297540419569	D:0.0462127457759247	D:0.0490116671690554	D:0.0521630623628258	D:0.0582065533039421	D:0.0718298912236304	D:0.0381827602548286	D:0.0610083067870142	D:0.0493497279863983	D:0.00434666349323794
D:100	D:2000	D:-0.031648767499503	D:-0.0241359953216246	D:-0.0148521860329992	D:-0.010278152860834	D:-0.00552754214969532	D:0.00439768298011137	D:0.0135546787584134	D:-0.0287262447036999	D:0.00841981694065206	D:-0.010162183040607	D:0.0071799968794061	D:0.0361491586622719	D:0.0411966111500109	D:0.0462324295695099	D:0.0490523235303058	D:0.0521895199460472	D:0.0577812989626015	D:0.0638988884537015	D:0.037390568266795	D:0.0607571911902314	D:0.0492267467345854	D:0.00427590747252103
D:101	D:2000	D:-0.0355642125369523	D:-0.0236774673499351	D:-0.0148014787140011	D:-0.0103788347302041	D:-0.00529771120368329	D:0.00419605592332318	D:0.0132512393197704	D:-0.0283285828351643	D:0.00800675142946145	D:-0.0101431372888836	D:0.00721692205060319	D:0.0366773497369839	D:0.0413512801837296	D:0.0462546491355302	D:0.049044587743905	D:0.0521493772571618	D:0.0588335519064263	D:0.0678953098587938	D:0.0375890435945508	D:0.060966528164966	D:0.0493297596689632	D:0.00439418948973333
D:102	D:2000	D:-0.0362062593742036	D:-0.0249637931728764	D:-0.0151261004575182	D:-0.0102163011591508	D:-0.00555370423260583	D:0.00370338323319843	D:0.0153928913827843	D:-0.0293241138511207	D:0.00847550917970664	D:-0.0103750230439322	D:0.00726943765604534	D:0.0359964103024885	D:0.0414217717312193	D:0.0462784849229247	D:0.0490980818039787	D:0.0520760746058537	D:0.0580289520967885	D:0.0690490003233765	D:0.0376013590835536	D:0.0607675129555511	D:0.0492993315867799	D:0.00426005091871252
D:103	D:2000	D:-0.0362809745219125	D:-0.0245175772807079	D:-0.0151311789438111	D:-0.0104559736031217	D:-0.00576707721329209	D:0.00376648740063505	D:0.0161292871491636	D:-0.0282591508122069	D:0.00765461112900979	D:-0.0105236810564138	D:0.00711384332516093	D:0.0358897391588959	D:0.0414766589770434	D:0.046312647896001	D:0.0490037402467391	D:0.051894708504401	D:0.0584613330606656	D:0.0638701559172955	D:0.03803944172561	D:0.0602295311404678	D:0.0492246487616807	D:0.00427506189021435
D:104	D:2000	D:-0.0313476108350551	D:-0.0238787777527582	D:-0.0150093456400823	D:-0.0102835962799224	D:-0.00589137178846907	D:0.00351888293793148	D:0.0127903032834001	D:-0.028463244144317	D:0.00725380320604208	D:-0.0103808884035867	D:0.00693225581766839	D:0.0380704802613	D:0.0415083374058043	D:0.0465033674400635	D:0.0491858865932571	D:0.0519969856350165	D:0.0579163650972247	D:0.0647474115092977	D:0.0383435098426543	D:0.0601590802245147	D:0.0493214309359514	D:0.00413126739769685
D:105	D:2000	D:-0.0345172809134111	D:-0.0247427901901734	D:-0.015132830527999	D:-0.0102312977594864	D:-0.00557905160674329	D:0.00349567279363803	D:0.0148299100648893	D:-0.0294605496732305	D:0.00861367219426035	D:-0.0104460282253588	D:0.00730360499952417	D:0.0363066783779834	D:0.0412978206022758	D:0.0463708158063206	D:0.0489098845247936	D:0.0518905088217867	D:0.057356222250202	D:0.0646932938688338	D:0.0382508425519641	D:0.0601686955675116	D:0.049121464676212	D:0.00406981505621042
D:106	D:2000	D:-0.0341029598905842	D:-0.0243123759811372	D:-0.015321051034091	D:-0.0105145698948916	D:-0.00547952323670216	D:0.00301199118576162	D:0.0143549831612612	D:-0.0298541447783229	D:0.00896593953869586	D:-0.0104323006184979	D:0.00713276345444254	D:0.0380032669909074	D:0.0416767306684756	D:0.0463267802179388	D:0.049217695716122	D:0.0521665791727836	D:0.0578311536099447	D:0.0653031456153004	D:0.0380032669909074	D:0.060608112591636	D:0.049340873164079	D:0.00417964580390255
D:107	D:2000	D:-0.0339400506325626	D:-0.0240159975613078	D:-0.0148768646431925	D:-0.0104320578086959	D:-0.00560767536772023	D:0.00361780376658514	D:0.0172177205103948	D:-0.0279978484096693	D:0.00824159686510087	D:-0.0102848725702984	D:0.00704832222618077	D:0.0373541337951266	D:0.0419729403936715	D:0.0465371482704234	D:0.0494075080643092	D:0.0521628837815189	D:0.057876514243344	D:0.0691791650883256	D:0.0381023586396869	D:0.0605141040334702	D:0.0494901768888757	D:0.00411068250193289
D:108	D:2000	D:-0.0320850275810481	D:-0.0234188430923941	D:-0.0147386484932137	D:-0.00995875146176711	D:-0.00542787419768196	D:0.0038864824408428	D:0.0163717756076303	D:-0.0286769145382009	D:0.00850204927939763	D:-0.0100232548904646	D:0.00698788844471443	D:0.0367173634516439	D:0.0415401036783968	D:0.0464964770618289	D:0.0492658829157425	D:0.0519906255291749	D:0.0577671141431219	D:0.0695184575049133	D:0.0384008813180537	D:0.0600863860039312	D:0.0493107960258343	D:0.00413226984800834
D:109	D:2000	D:-0.0328990826124691	D:-0.0236289896985844	D:-0.0146457845947875	D:-0.0101080024967647	D:-0.00560453089270822	D:0.00317305214655017	D:0.0152144637455922	D:-0.0280841676829456	D:0.0077277700955465	D:-0.0101628405008579	D:0.0069018440299699	D:0.0375283952708575	D:0.0417406645832164	D:0.0464057410465559	D:0.0490279872347316	D:0.0521450013557132	D:0.0578296722208064	D:0.066908406092726	D:0.038074854831619	D:0.0607375416635122	D:0.0493471408785399	D:0.00409162815174721
D:110	D:2000	D:-0.0332878075487537	D:-0.0235823655878765	D:-0.0148526283822308	D:-0.0101580388778871	D:-0.00570593754116308	D:0.00327143502968324	D:0.0122463501423609	D:-0.0283692021270286	D:0.00772556654307628	D:-0.0102436766794534	D:0.00688924409872829	D:0.0366737959604532	D:0.0419808935414737	D:0.0463954760943118	D:0.0489992222547746	D:0.0518580800153178	D:0.0573689485314451	D:0.0640098874976949	D:0.0385155598314062	D:0.0599713097251545	D:0.0492019683167783	D:0.00403764899258386
D:111	D:2000	D:-0.0321769776303095	D:-0.0230507935517306	D:-0.0146897683566446	D:-0.0104327018613262	D:-0.00566024864132951	D:0.00282196058957942	D:0.0164067899186411	D:-0.0282048121451236	D:0.00713434998204928	D:-0.0102726883027179	D:0.0067725861473014	D:0.0367798929889705	D:0.0419257637592735	D:0.0464260212738659	D:0.0491079008510038	D:0.0520069661485427	D:0.0577461564328855	D:0.0640157627508324	D:0.0381386387300508	D:0.0603535794804113	D:0.0493337429270303	D:0.00411386208803499
D:112	D:2000	D:-0.0306687109723778	D:-0.0230691158835889	D:-0.0146919044091641	D:-0.0104917918052207	D:-0.00582058262094869	D:0.00266430098571628	D:0.0107029645029833	D:-0.0278157810493701	D:0.00733402309480841	D:-0.0103641731395238	D:0.00666253994669365	D:0.0382631419841035	D:0.0416071474523116	D:0.0463986466875003	D:0.0489864424242931	D:0.0520080094967347	D:0.0572835734005238	D:0.0635797648401493	D:0.0382631419841035	D:0.0602494506752715	D:0.0492465601105416	D:0.00407801844258794
D:113	D:2000	D:-0.0332137190710446	D:-0.0239753447886178	D:-0.0150030990347612	D:-0.0107676819861742	D:-0.00626816306497324	D:0.00330352217943836	D:0.0121725805650955	D:-0.0278039813873758	D:0.00675139844697993	D:-0.0105107378788825	D:0.00684014050247038	D:0.0378005993253321	D:0.0418261452502693	D:0.0463981899738683	D:0.0489860404601204	D:0.051873821652851	D:0.057432701269003	D:0.0656508484359578	D:0.0381931422846482	D:0.0600722207514386	D:0.0492294721725084	D:0.00405202857966906
D:114	D:2000	D:-0.0331476961368281	D:-0.0241070501425971	D:-0.0151802512618463	D:-0.0107137605414483	D:-0.00619490725659208	D:0.00304379409833499	D:0.0147885642802827	D:-0.028465042043798	D:0.00724012517033163	D:-0.0106710270843903	D:0.00684393649370759	D:0.0375725481843908	D:0.0418050353746521	D:0.046559544248922	D:0.0492805360168751	D:0.0520503155106999	D:0.0575859273390606	D:0.0639399509018971	D:0.038445284251116	D:0.0601489520381498	D:0.0493677911806881	D:0.00403423764918313
D:117	D:2000	D:-0.0321747079649945	D:-0.0234708636276671	D:-0.0146792153871744	D:-0.0104127709871799	D:-0.00584573718692939	D:0.00307253041700042	D:0.0121328435162986	D:-0.0279280946750843	D:0.00728499456933051	D:-0.0103484270022678	D:0.00669632340416311	D:0.0377178629051946	D:0.0417977286709458	D:0.0463738515088033	D:0.048984078244135	D:0.0519066207002325	D:0.0574045276145912	D:0.064943731408415	D:0.0384262422725618	D:0.0602033795251522	D:0.049225844647108	D:0.00398994374619844
D:118	D:2000	D:-0.0341113960068364	D:-0.0232208847843259	D:-0.0148470165383364	D:-0.010566328498224	D:-0.00618836642233492	D:0.00246242902294965	D:0.0116369931556016	D:-0.0273859330231195	D:0.00677556426725496	D:-0.010506446411412	D:0.00659606670679376	D:0.037028883579915	D:0.0421211165190981	D:0.0467162223767039	D:0.049417606595685	D:0.0520273874752759	D:0.0573683006006112	D:0.0632823771413041	D:0.0388230675809751	D:0.0599205911203974	D:0.0494398902646124	D:0.00392823667667061
D:119	D:2000	D:-0.0317138739050502	D:-0.0238053739721661	D:-0.0147789741801687	D:-0.0105519841844766	D:-0.00644325597229937	D:0.00266122923804877	D:0.0101976141638898	D:-0.0272015992521376	D:0.00604622547562265	D:-0.0105518683894115	D:0.00657013121993978	D:0.0374003366247019	D:0.0419755660559908	D:0.0464512635901708	D:0.0489943254381636	D:0.0516447163468771	D:0.0576778675511249	D:0.0630889392219009	D:0.0392251142660238	D:0.059387185735392	D:0.0492429487786192	D:0.0040319713783796
D:120	D:2000	D:-0.0326598095985135	D:-0.0235474428628166	D:-0.0148250645998871	D:-0.0101441134814932	D:-0.00575906092664067	D:0.00304273190646727	D:0.0125705446008846	D:-0.0283903642927872	D:0.00777184259307233	D:-0.0102604002122812	D:0.00661744541566261	D:0.0378815013810826	D:0.0418683495034133	D:0.046540855111147	D:0.0492185749692796	D:0.052010255056293	D:0.0572542562684568	D:0.0637047774344169	D:0.0388981227149319	D:0.060038827942791	D:0.0493544604553099	D:0.00396973472748285
D:121	D:2000	D:-0.0364417398662555	D:-0.0236183831079405	D:-0.0146479376780136	D:-0.0101557160139544	D:-0.00559480266228978	D:0.00302270423509933	D:0.0125600446844233	D:-0.0281453916765001	D:0.00751142217838872	D:-0.010275337156266	D:0.00681929127012575	D:0.0370393123110549	D:0.0418053613498235	D:0.0463627386515347	D:0.0490116671690554	D:0.0519437959181044	D:0.057886902912356	D:0.0646434924642617	D:0.0386450224594264	D:0.0601870769640609	D:0.0492612002159381	D:0.00402151039488596
D:122	D:2000	D:-0.0331265128518757	D:-0.0238386640611126	D:-0.0142630312911966	D:-0.010001152750622	D:-0.00545577343083669	D:0.00281152849142224	D:0.0146834259746128	D:-0.0272860759321327	D:0.00741279045566419	D:-0.0100492530899137	D:0.00668562791543008	D:0.0370964214417178	D:0.0420909531687646	D:0.046506304469451	D:0.0490777363995862	D:0.0518105022332652	D:0.0570579111866499	D:0.0645746470755297	D:0.0387436921156732	D:0.0597528772551984	D:0.0492416155660873	D:0.00390287746227925
D:123	D:2000	D:-0.030564521571099	D:-0.0236871779253254	D:-0.0148803774341205	D:-0.0105524166858856	D:-0.00612516288792	D:0.00279535879667133	D:0.0107277448057875	D:-0.0278335903364595	D:0.00669857050978421	D:-0.0105262146539065	D:0.0066519840907737	D:0.036563296953081	D:0.0420952890922451	D:0.0465681861826307	D:0.0490755630647527	D:0.0518837240804232	D:0.056876334900093	D:0.0627742790347177	D:0.0386212294619216	D:0.0598560237004508	D:0.0492675896867145	D:0.00387889973651776
D:124	D:2000	D:-0.0302545552362399	D:-0.023005203418451	D:-0.0141315408614275	D:-0.00993455801434671	D:-0.00588433183512494	D:0.00274124973349612	D:0.0132871244729396	D:-0.0257978651126889	D:0.00619095607758882	D:-0.0100113261304999	D:0.00649181666324857	D:0.038406106109311	D:0.042414847400834	D:0.0465425697898285	D:0.0489813674731202	D:0.0515971819867341	D:0.0566090101001808	D:0.0628311866060792	D:0.0393175274263026	D:0.0590135095411713	D:0.0491903982765955	D:0.00374547232580582
D:125	D:2000	D:-0.0360021835552156	D:-0.0231090764580344	D:-0.0144279560717108	D:-0.0101417997892324	D:-0.00577799663154666	D:0.00264163590189047	D:0.0110019922316577	D:-0.0273599108684468	D:0.00710998820129437	D:-0.0102144612288328	D:0.00648422874653557	D:0.0370008551674453	D:0.0422970573148669	D:0.0464779472319062	D:0.0490839472610305	D:0.0518114669137341	D:0.0571762630734003	D:0.0659504883846829	D:0.0390225242725259	D:0.0597723383949815	D:0.0492964795555857	D:0.00389306627200758
D:126	D:2000	D:-0.0295102063949183	D:-0.0230910696808866	D:-0.014335993981624	D:-0.010243453596102	D:-0.005643188940966	D:0.00269998405598731	D:0.0132679117704562	D:-0.0273595223453328	D:0.00692771788636338	D:-0.0101539019570679	D:0.00660171301802437	D:0.0379705349032322	D:0.0418051532494422	D:0.0467790231672255	D:0.0492234764679589	D:0.0519365941199016	D:0.0570612503455663	D:0.0645100103173928	D:0.039210780652428	D:0.0595766430980621	D:0.0493904194006482	D:0.00386989292656533
D:127	D:2000	D:-0.0306786782514456	D:-0.0230261061409767	D:-0.0140733397242121	D:-0.00984203558361674	D:-0.00570635742969167	D:0.00245063245812478	D:0.013341519778401	D:-0.0263479655803234	D:0.00625932928652314	D:-0.0100919957477393	D:0.0064096672925428	D:0.0389487687418847	D:0.0422943291639924	D:0.0467342875894729	D:0.0491012153026888	D:0.0517129829332052	D:0.0575153899628954	D:0.0627498849473447	D:0.0393152452823161	D:0.0591722445244546	D:0.0493050078646659	D:0.00382024979174904
D:128	D:2000	D:-0.0339294558551953	D:-0.0224824842643828	D:-0.0145077135048214	D:-0.0103001039513076	D:-0.00579583617281563	D:0.00260638186515655	D:0.0145052864117854	D:-0.0273936982650054	D:0.00713226783480653	D:-0.0102341029974497	D:0.00655612696834741	D:0.0381161514653703	D:0.0423391643110035	D:0.0466619018474682	D:0.0490520049198594	D:0.0518676733259141	D:0.0572695239334463	D:0.0671162634072398	D:0.0390564595680453	D:0.0595620328481783	D:0.049340507289322	D:0.00385386150769442
D:129	D:2000	D:-0.0298079134027022	D:-0.0226109786509699	D:-0.0144924189143898	D:-0.0100848475366615	D:-0.00600758862037499	D:0.00239273042046765	D:0.0129936635848262	D:-0.0271719312499612	D:0.00671716330207774	D:-0.0102242273970885	D:0.00639684297067513	D:0.0376443158255867	D:0.0425308419389343	D:0.046486758660589	D:0.0493017177961237	D:0.0518229889340204	D:0.0567814443428685	D:0.0620984337563709	D:0.0384967678406051	D:0.0598217251925905	D:0.0493245548785546	D:0.00375504473197439
D:130	D:2000	D:-0.0323493110719414	D:-0.0230577477585136	D:-0.0144723295019589	D:-0.0102914283378488	D:-0.00632582656575885	D:0.00210620203248015	D:0.00872644294263427	D:-0.0259608609677648	D:0.00575713139014847	D:-0.0104493974408995	D:0.00623905138963224	D:0.0379911701626091	D:0.0422827199093512	D:0.0465620031467977	D:0.0491856190784247	D:0.0518344620701266	D:0.056756733550024	D:0.0619068802354777	D:0.0387741202369815	D:0.0596211483216608	D:0.049241984111161	D:0.00375112004642782
D:132	D:2000	D:-0.0347947502385684	D:-0.0235741643924074	D:-0.0145476804824626	D:-0.0101984441357254	D:-0.00610508686540972	D:0.00195509999282098	D:0.0135813611642003	D:-0.0271649539103301	D:0.00631502254198659	D:-0.010442944812457	D:0.00641817706193202	D:0.0371928754630212	D:0.0425849804432157	D:0.0466499944057352	D:0.0490847565064572	D:0.0517656718776751	D:0.0567106455401656	D:0.0615827045995511	D:0.0390944951958337	D:0.0593985423255468	D:0.0492579724463673	D:0.00366475006737715
D:133	D:2000	D:-0.031380681918034	D:-0.0224371862931989	D:-0.0145993472013469	D:-0.0103029118232125	D:-0.00593854738001759	D:0.00218906848872065	D:0.010643787832562	D:-0.0275165053265027	D:0.00641641218378646	D:-0.0103101369440574	D:0.00639234715614133	D:0.0376370189490851	D:0.0423125279058375	D:0.0466217642295485	D:0.048912348110959	D:0.0515536389869439	D:0.0568835374520729	D:0.06442111194144	D:0.0393286308977773	D:0.0588905085507818	D:0.0491301833715183	D:0.0037050030615862
D:134	D:2000	D:-0.0327884497197378	D:-0.023038789046738	D:-0.014270724615564	D:-0.0103302534759276	D:-0.0061836145275033	D:0.00242083987477338	D:0.0139884149191517	D:-0.0263459821347282	D:0.00590945414226971	D:-0.0102757348127183	D:0.00636473820870896	D:0.0393742810231949	D:0.042562978304177	D:0.0467176071211434	D:0.0491097557138397	D:0.0516921591728748	D:0.0567079201486187	D:0.062661669751345	D:0.0393742810231949	D:0.0590837181499323	D:0.0492571446942147	D:0.0036335874161264
D:135	D:2000	D:-0.0347872527219559	D:-0.0230198576187127	D:-0.0142798050873957	D:-0.0103853925125803	D:-0.00622077192663375	D:0.00153151411449411	D:0.0158229459206215	D:-0.0261118778727278	D:0.00552984165325128	D:-0.010366299568411	D:0.00615049069492603	D:0.0375874254788728	D:0.042065298862241	D:0.0468908894541956	D:0.0492332954601604	D:0.0517258750896286	D:0.0566229925532629	D:0.0614500482611448	D:0.0397640169361238	D:0.058821810821953	D:0.0493312226588025	D:0.00368890792493703
D:136	D:2000	D:-0.0301008337939901	D:-0.0220445473378051	D:-0.0141403668697789	D:-0.0100754004967323	D:-0.0059487602231676	D:0.00196286020496042	D:0.011445668421224	D:-0.0261063889037933	D:0.00627619355174954	D:-0.0100879670767722	D:0.00620942329358072	D:0.0381189804360054	D:0.0426589469629223	D:0.0466744207297161	D:0.0491468290204769	D:0.0517176590711261	D:0.0565211017021485	D:0.0615670999523404	D:0.0394302482337059	D:0.0592520564628426	D:0.0492765615740572	D:0.0036497793809883
D:137	D:2000	D:-0.0310143993391247	D:-0.0229753609382965	D:-0.0141504210921688	D:-0.00998900100973562	D:-0.00576996402214503	D:0.00160146168903994	D:0.010873103331941	D:-0.0265454925342701	D:0.0067376296129598	D:-0.0101091198812833	D:0.00622209674715749	D:0.0378235119421236	D:0.0423433676243452	D:0.0464025735843378	D:0.0488603787593928	D:0.0514341102555607	D:0.0566839748674829	D:0.0615514841040293	D:0.0391322671558031	D:0.0588850866165283	D:0.0490598154209848	D:0.00367019395914935
D:138	D:2000	D:-0.0338999569155932	D:-0.0221414386804094	D:-0.014265733660989	D:-0.0104361405775978	D:-0.00641973013656915	D:0.00185808527377991	D:0.00951382390712638	D:-0.0260106960460215	D:0.00529684141998585	D:-0.010370084193415	D:0.00606586148187842	D:0.0387171953799352	D:0.042583579895245	D:0.0468192785154317	D:0.0492857435850259	D:0.0518347809745108	D:0.0567551057958119	D:0.0622778389002654	D:0.0397006146896336	D:0.0591678225654144	D:0.0493551290846107	D:0.00363380283901235
D:140	D:2000	D:-0.0331166870317347	D:-0.0227079947329524	D:-0.0142033989209394	D:-0.010208865154803	D:-0.00615417643653402	D:0.00126120209677898	D:0.0144727632322585	D:-0.0259753064412414	D:0.00584575713157223	D:-0.0103653156564331	D:0.00610547384912278	D:0.0392211245230441	D:0.0426211611820785	D:0.0467830245292987	D:0.049209603069487	D:0.0518242853867502	D:0.0573155082651352	D:0.0642397086680212	D:0.0399241735557292	D:0.0592984866440094	D:0.0493885729002126	D:0.00371522997025468
D:141	D:2000	D:-0.0307484643349071	D:-0.0222864396228264	D:-0.0141559585370471	D:-0.0100916993756592	D:-0.0059094496032144	D:0.00188589837980161	D:0.010200016247818	D:-0.0260686323570893	D:0.00629969579860125	D:-0.0101454286926434	D:0.00623501081117806	D:0.0400142178035209	D:0.0428107218729231	D:0.0469123324297945	D:0.0492751133761938	D:0.0519517292113571	D:0.0569316438309382	D:0.0618549913147638	D:0.0400142178035209	D:0.0593552276888098	D:0.049458742990471	D:0.00358872033316674
D:143	D:2000	D:-0.0296620578025639	D:-0.021830950162163	D:-0.0144387116588033	D:-0.0106064239495184	D:-0.00639524725671625	D:0.00206559269684241	D:0.0135005604546802	D:-0.0265038813470308	D:0.00497583856274012	D:-0.010402767663663	D:0.00610001027546287	D:0.0375767492084722	D:0.0427179515120984	D:0.0468351367486694	D:0.0492387902603443	D:0.0516707569619738	D:0.056782874788902	D:0.0618100906060513	D:0.0395994180739221	D:0.0588906620234163	D:0.0493455835005322	D:0.00359306045823541
D:144	D:2000	D:-0.0325600453590208	D:-0.0225306732451107	D:-0.014349856592432	D:-0.0107861775263836	D:-0.00666813407851669	D:0.000973444071490011	D:0.00870462713416457	D:-0.0255997441332121	D:0.00484809376732922	D:-0.0105895006573128	D:0.00593618524406575	D:0.0377158268872306	D:0.042505720869079	D:0.0469585349791002	D:0.0492315037458406	D:0.0515911497383503	D:0.0568826988670188	D:0.0637039508680073	D:0.0403823271549458	D:0.0585167882308315	D:0.0493333001662715	D:0.00358061753724685
D:147	D:2000	D:-0.0337577440491305	D:-0.0222851589826634	D:-0.0140684196773969	D:-0.0103349545028146	D:-0.00637684620855769	D:0.00151650214812961	D:0.0127538167665306	D:-0.0253318081683854	D:0.00500036013022745	D:-0.0103043366946137	D:0.0061086063489778	D:0.0389467654078162	D:0.0428109878587279	D:0.0467401228641251	D:0.0491718503757047	D:0.0515623652007794	D:0.0561971225740478	D:0.0626640035858375	D:0.0395146763378851	D:0.0585276253861013	D:0.0492437577188812	D:0.00348790369698128
D:149	D:2000	D:-0.0304986427065528	D:-0.0220772301077859	D:-0.0141372083643686	D:-0.0101955445451025	D:-0.00578369534044524	D:0.00159799136793179	D:0.0103331701954679	D:-0.0263644706069011	D:0.00646378618073913	D:-0.0101169819825279	D:0.00598807065347636	D:0.0386559577451837	D:0.0427288076100711	D:0.046875564945152	D:0.0492257476980862	D:0.0515713212692466	D:0.0565425011057351	D:0.0621883344786559	D:0.0398925702049196	D:0.0584980246200159	D:0.0493205143851124	D:0.00350733792027566
D:150	D:2000	D:-0.0304010435719131	D:-0.0217102831193987	D:-0.0139349865541966	D:-0.0104005053017403	D:-0.00647610610891667	D:0.00205400064965791	D:0.0109247564851445	D:-0.0251127209651312	D:0.00461478487381452	D:-0.0102849745172226	D:0.00595264300313615	D:0.0397124389228595	D:0.0427103003580252	D:0.0467103201849337	D:0.0491352226418953	D:0.0517364623264774	D:0.0565481176108064	D:0.0610194085781988	D:0.0397124389228595	D:0.0590598949146347	D:0.0492667136023316	D:0.00357484729346015
D:151	D:2000	D:-0.0301818895820188	D:-0.0221577120953594	D:-0.0138708778163769	D:-0.00999945220141489	D:-0.00635572698845468	D:0.0016676323910253	D:0.0104056884675119	D:-0.0250166557731911	D:0.00484245832676678	D:-0.0101643331451267	D:0.00598509631560792	D:0.0394831112412234	D:0.042601944246059	D:0.0468205111703765	D:0.0493420349299894	D:0.0517980245407698	D:0.0567766542783434	D:0.0636742314606938	D:0.0394831112412234	D:0.059200960972467	D:0.0493969643601632	D:0.00358438440515928
D:153	D:2000	D:-0.0335694329496005	D:-0.0216903754912311	D:-0.0143187545843889	D:-0.0103994554400804	D:-0.0065001163107649	D:0.00137158299706078	D:0.0110332955731787	D:-0.0249437275996996	D:0.00450879800730492	D:-0.0104310832288609	D:0.0059012941044177	D:0.0381028911574334	D:0.0427962127729931	D:0.0467856411464736	D:0.04900204220346	D:0.0514082462708725	D:0.0563470414488891	D:0.0601870769640609	D:0.040425502302144	D:0.0583383335969157	D:0.0491628855000028	D:0.00347171475098994
D:154	D:2000	D:-0.0301595562269648	D:-0.0217729009486062	D:-0.0143079142659358	D:-0.0105678875228058	D:-0.00668186109646442	D:0.00119295153542336	D:0.00703605543405432	D:-0.0250897197410862	D:0.00473827071621683	D:-0.0105089392296739	D:0.00582432887821977	D:0.0399686632382841	D:0.0429427481255252	D:0.0469507688557106	D:0.0492551703076261	D:0.0515857042829282	D:0.0565659529274479	D:0.0621500950023333	D:0.0400445245862754	D:0.0583713238108328	D:0.0493506892781226	D:0.00342960699140096
D:155	D:2000	D:-0.0335225924338368	D:-0.0220354592713235	D:-0.0140967841262754	D:-0.0104127709871799	D:-0.00665575597554456	D:0.000868802178661969	D:0.0107187562773526	D:-0.0252540302909639	D:0.00426413656211237	D:-0.0104295849937343	D:0.00574818196216275	D:0.0383089145113116	D:0.0429463792827721	D:0.0467611805164119	D:0.0492187948779556	D:0.0514392421335986	D:0.056431067520147	D:0.0622577246226807	D:0.0399631949655582	D:0.0583811343151547	D:0.0492518284608972	D:0.00347311579027269
D:156	D:2000	D:-0.02965762975473	D:-0.0217367391369686	D:-0.0141004064573414	D:-0.0103245339000482	D:-0.00634072501937291	D:0.00143812171386148	D:0.0086775362844178	D:-0.0257242945806961	D:0.00458398204499347	D:-0.0102593796302041	D:0.00585572784372207	D:0.0371452954819501	D:0.0430810066926076	D:0.0468887114528611	D:0.0491801795049785	D:0.0515573187846149	D:0.0565906699225038	D:0.0608630973611889	D:0.0399854819984475	D:0.0583459842372099	D:0.0493215398295572	D:0.00345139809829316
D:158	D:2000	D:-0.0299857914698187	D:-0.0219733187272919	D:-0.0141784982253185	D:-0.0104406718946339	D:-0.0065595703411295	D:0.00157713828211542	D:0.0111508974482034	D:-0.0251967518580616	D:0.00476342544359978	D:-0.0103556895359044	D:0.00589542604441195	D:0.0392215088005917	D:0.0427283853729372	D:0.0467430899525778	D:0.0490082843095316	D:0.051318580871243	D:0.0564832047278866	D:0.0609283534591892	D:0.0399013073177139	D:0.0578978864160913	D:0.0491696401121479	D:0.00342096799762811
D:161	D:2000	D:-0.029980203913785	D:-0.0211487136558104	D:-0.0138446572700978	D:-0.010268128054575	D:-0.00641417216341452	D:0.00102936752084894	D:0.013106073232281	D:-0.0245159075901596	D:0.00432223001312049	D:-0.0101497955814208	D:0.00561407805927418	D:0.0391456848343507	D:0.0429324657240005	D:0.04682498880477	D:0.0491007389681565	D:0.0514341102555607	D:0.0561462186728969	D:0.0617519628577415	D:0.0401090071590938	D:0.058326843757561	D:0.0492248806424093	D:0.00338219427638463
D:163	D:2000	D:-0.0362094791409722	D:-0.0223367799609161	D:-0.0139907524725571	D:-0.010138055348746	D:-0.00636005914019256	D:0.00115915269466039	D:0.00877537201220131	D:-0.0252978370094933	D:0.00473664534219912	D:-0.0102560733484235	D:0.00589967716928363	D:0.0392492956423653	D:0.0433882642103432	D:0.0468847174811679	D:0.0491190778338281	D:0.0513949718519885	D:0.0566075271312434	D:0.0634170163999327	D:0.0402278129990916	D:0.0580971550622457	D:0.0492853344021953	D:0.00336740474446682
D:165	D:2000	D:-0.0314755359328577	D:-0.0212363841893787	D:-0.0139129756157799	D:-0.0103723990207268	D:-0.00670177516161535	D:0.000706427348558678	D:0.00879237126277916	D:-0.0244609316718117	D:0.00354544086782754	D:-0.0103279979392715	D:0.0055236507477189	D:0.0389213970422436	D:0.0436218807997372	D:0.046919494267573	D:0.0492217338185049	D:0.0515420729071972	D:0.0563556710332019	D:0.0612345268272583	D:0.0402058993778164	D:0.058338619014711	D:0.0493722494913651	D:0.00329270304196785
D:166	D:2000	D:-0.03088952075132	D:-0.0215455918797111	D:-0.0137848619617011	D:-0.0102656622554442	D:-0.00648205661264796	D:0.00080390271803191	D:0.00968098926757747	D:-0.0246793249173618	D:0.00407328058213117	D:-0.0102601080904438	D:0.00571207179242314	D:0.0393925082764445	D:0.0433006439473952	D:0.0468921597635026	D:0.0491152739255675	D:0.0512711510681989	D:0.0560769969481256	D:0.0617403500413054	D:0.0403322624711015	D:0.0576291814773754	D:0.0491954291144547	D:0.00330952760521887
D:169	D:2000	D:-0.0296273275137441	D:-0.0219845602271515	D:-0.0141098999954317	D:-0.010438684185368	D:-0.00681256758271547	D:0.000576995434458448	D:0.0122065181235643	D:-0.0246972058589957	D:0.00399482046209902	D:-0.0105220606083979	D:0.00564750807691109	D:0.0394296864785421	D:0.0433961175822007	D:0.0470774126597365	D:0.0492333446168055	D:0.0514808085489624	D:0.0560121887218165	D:0.0607053550808851	D:0.0406737522681437	D:0.05806967403623	D:0.0493429197964863	D:0.00321519492736194
D:173	D:2000	D:-0.0272598199964801	D:-0.0206114307360244	D:-0.0136303103308656	D:-0.0100862329572259	D:-0.00641425812575247	D:0.00164449663109792	D:0.00804501217189413	D:-0.0243366674783576	D:0.00417153107257465	D:-0.0100615368709339	D:0.00560056718287455	D:0.0398186274646496	D:0.0433961919468426	D:0.0469148987409444	D:0.0491424150940743	D:0.0512963672038137	D:0.0556246191610109	D:0.0629800167553886	D:0.0405598202345276	D:0.0578299978175145	D:0.0492052368067041	D:0.0031862178986233
D:175	D:2000	D:-0.0304986427065528	D:-0.0213495750379891	D:-0.0138493170876636	D:-0.0103788347302041	D:-0.00688231525681419	D:0.000465591815966974	D:0.00885613816283902	D:-0.0242767921061339	D:0.00330453127057656	D:-0.0103859310776679	D:0.00549681105438008	D:0.0393286308977773	D:0.0431412480413788	D:0.0470147823884764	D:0.0490903303042852	D:0.0514392421335986	D:0.0558121343818025	D:0.0619958895882731	D:0.0406028869048972	D:0.0580049628495847	D:0.0492594895430768	D:0.00326710262087481
D:176	D:2000	D:-0.0329460308369012	D:-0.0210700501348071	D:-0.0138667350083058	D:-0.0102783733135927	D:-0.0065940413540362	D:0.00105486564371552	D:0.00913399668853439	D:-0.0244923668404219	D:0.00416324977257576	D:-0.010272563862849	D:0.00556535274378641	D:0.0398969047636271	D:0.0431275457268596	D:0.0468744445586544	D:0.0489999485654277	D:0.051175752251447	D:0.0557099024484536	D:0.061171117013219	D:0.0410545170681562	D:0.057604328735322	D:0.0491449541122585	D:0.00319788308082899
D:179	D:2000	D:-0.0282082012839401	D:-0.0205394786589138	D:-0.0136596569045148	D:-0.0103548884941559	D:-0.00662134133822584	D:0.00117246932047539	D:0.00794492319791156	D:-0.0236089747997685	D:0.00388850942216454	D:-0.0101561556295168	D:0.0054486689983497	D:0.0397669990384125	D:0.0431531845133031	D:0.0470677677168624	D:0.0492650992052246	D:0.0514392421335986	D:0.0557230007667171	D:0.0615120103280993	D:0.0405869394341162	D:0.0578232821833018	D:0.0492990782951361	D:0.00325001212951246
D:180	D:2000	D:-0.0289692659898915	D:-0.0209274512617196	D:-0.0139384959483635	D:-0.0102441920767422	D:-0.00677572139275683	D:0.000196500585314516	D:0.00811774202957572	D:-0.0242484910684725	D:0.00370933008702698	D:-0.0103484450215661	D:0.00538918603144359	D:0.0384399674367362	D:0.0435106895049447	D:0.0470387968795561	D:0.049189297066306	D:0.0512890177307008	D:0.0556609144596907	D:0.0637089253326868	D:0.0407655712892572	D:0.0575266155951747	D:0.0492721012739519	D:0.0031904473078357
D:184	D:2000	D:-0.0261100790371995	D:-0.0206077502069298	D:-0.0137357470026243	D:-0.010223632809841	D:-0.00680384356343386	D:0.000644052168609657	D:0.00908750108158525	D:-0.0240101440153331	D:0.0034637472928495	D:-0.0102344313681351	D:0.00534651996463686	D:0.0391910345876558	D:0.0435762885478955	D:0.0470416520718456	D:0.0491189246062757	D:0.0513827146182261	D:0.0558295654457032	D:0.0609682672790952	D:0.0408179366608651	D:0.0578461750440694	D:0.0492762893337738	D:0.00316364086333733
D:185	D:2000	D:-0.031380681918034	D:-0.0214248639561408	D:-0.0140957147595377	D:-0.0107742043508949	D:-0.00732068312410046	D:-3.54520453297027e-05	D:0.0101475413917043	D:-0.0240753368545283	D:0.00281965773758915	D:-0.0106873286325471	D:0.00533916674447805	D:0.0389213970422436	D:0.0433229267715823	D:0.0469845963731022	D:0.0491950361061267	D:0.0513882721741668	D:0.0556207700263741	D:0.0604933924034444	D:0.0403867576866455	D:0.0579567572211034	D:0.0492616588563937	D:0.00319457241148638
D:187	D:2000	D:-0.0269722934738231	D:-0.0204550169762471	D:-0.0134086606518833	D:-0.0099095672186992	D:-0.00642792640510086	D:0.000136001399011889	D:0.00786603520998098	D:-0.0238174906184465	D:0.00317778508405954	D:-0.0100431951672147	D:0.00521785181964369	D:0.0396640120596183	D:0.04365593792255	D:0.0469931870993195	D:0.0491284264734446	D:0.0512983048877227	D:0.0554514355322913	D:0.0600820339237991	D:0.0407661137421167	D:0.0577355928670354	D:0.0492325712920486	D:0.00309207257276579
D:188	D:2000	D:-0.028753456730147	D:-0.0213975656649948	D:-0.0134689207313684	D:-0.0101063537304054	D:-0.0065893482091975	D:0.000636202533195509	D:0.00944615565478674	D:-0.0237176772771467	D:0.00361966085455063	D:-0.010141007792405	D:0.00540655503679292	D:0.040121986198082	D:0.0433821327509764	D:0.0470706487498887	D:0.0492483726534868	D:0.051270826506721	D:0.0553293602918864	D:0.0602708036890987	D:0.0413008039039516	D:0.0574719508590333	D:0.0492126006926982	D:0.00304372540772833
D:192	D:2000	D:-0.0269024677196963	D:-0.0204784745771531	D:-0.0137293264025541	D:-0.0103130612876421	D:-0.00710999558150323	D:0.000494285296611018	D:0.00844264203993076	D:-0.0235943800006422	D:0.00270891774301265	D:-0.0102908535074793	D:0.00524932239388471	D:0.0391722644217173	D:0.0434218723430385	D:0.0469134835557144	D:0.0489538562054263	D:0.051127979464904	D:0.0551016563938153	D:0.0589296540443036	D:0.0410721181791018	D:0.0574346822360507	D:0.0490427516591522	D:0.00303514998590457
D:194	D:2000	D:-0.0285782645451346	D:-0.0208499951369781	D:-0.0134330069884709	D:-0.0101656942139435	D:-0.00680645913096299	D:0.000157183849447302	D:0.00665753346516555	D:-0.0233649177594267	D:0.00290429059991518	D:-0.0102062470667637	D:0.0052370524874187	D:0.0384804017411821	D:0.0435767682765307	D:0.0472028969004593	D:0.04912311240619	D:0.0513951330473503	D:0.0556722699579014	D:0.0616198672256123	D:0.0410174238373625	D:0.0575931112015593	D:0.0493399317805641	D:0.00313221481890792
D:195	D:2000	D:-0.0277424274554859	D:-0.0205950525339348	D:-0.013507092609666	D:-0.0104209532466927	D:-0.00696519511231975	D:-7.19918949477994e-05	D:0.0061727843193086	D:-0.0232752796653118	D:0.00255304490151547	D:-0.0103049174784086	D:0.0051181587413178	D:0.0407345012080663	D:0.0437043584038356	D:0.0469760637971462	D:0.0491722915088668	D:0.0512329562886123	D:0.0553978660299858	D:0.0605884514757416	D:0.0407345012080663	D:0.0573824348219516	D:0.0492447767678047	D:0.00302041244318508
D:198	D:2000	D:-0.029780677240009	D:-0.0206629998888988	D:-0.0135595281469813	D:-0.0103904117697865	D:-0.00716605506675127	D:0.000305401188002454	D:0.00907683692219979	D:-0.023101592203269	D:0.00238389576287125	D:-0.0103348246359303	D:0.00518323904667107	D:0.0398587730561044	D:0.0434079322542578	D:0.0470542179052393	D:0.0491567846413016	D:0.0512686236487307	D:0.0555053891873711	D:0.0601201154080015	D:0.0407344770517781	D:0.0575777732961076	D:0.0492220828920391	D:0.00307743149522535
D:199	D:2000	D:-0.0267757358783645	D:-0.0207317423756717	D:-0.0135841978130768	D:-0.0103175544176461	D:-0.00708907591400494	D:0.000210024760266495	D:0.0100010412119819	D:-0.0232563100440404	D:0.00238335229522307	D:-0.0103254363971613	D:0.00520276557414448	D:0.0391199024258187	D:0.0435962681110965	D:0.0471461317675911	D:0.0492767156145989	D:0.0514037579965573	D:0.05540248354519	D:0.0602229330453444	D:0.0409230178188738	D:0.0576368562763351	D:0.0493161656947	D:0.00305023628196894
D:200	D:2000	D:-0.0291378108130716	D:-0.0205127367772461	D:-0.0133628040627336	D:-0.0103039521883787	D:-0.00694422747390422	D:-0.000439558657734418	D:0.0071716647506855	D:-0.0225559360415572	D:0.00224126461117842	D:-0.0102440023396009	D:0.00501597020962224	D:0.0412099698488876	D:0.0437144563177789	D:0.0471018365941411	D:0.049078673161162	D:0.0511638126591382	D:0.0555350443494268	D:0.0601535819616489	D:0.0412099698488876	D:0.0569901610074747	D:0.049229804729415	D:0.0029915232759811
D:201	D:2000	D:-0.0299759266340211	D:-0.0204725819152854	D:-0.0138437692483411	D:-0.0104619509775021	D:-0.0067599720431228	D:-5.54964655372573e-05	D:0.00716410476998584	D:-0.0241031746260816	D:0.00325565123596409	D:-0.0103670501427326	D:0.00520346875053638	D:0.038274532063202	D:0.043623424239309	D:0.0469232083652257	D:0.04896164873162	D:0.0511414888082122	D:0.0550180460806144	D:0.059622755871417	D:0.0407561073779845	D:0.0574624269016301	D:0.0491102123882766	D:0.00300493850049889
D:202	D:2000	D:-0.0286864685502696	D:-0.0206640854989515	D:-0.013751087159221	D:-0.0102533492688974	D:-0.00697960751533908	D:-0.000545138900969047	D:0.0046736774307897	D:-0.0235596252840618	D:0.00307212359568314	D:-0.0103690387868108	D:0.00512328776347996	D:0.0397598212120713	D:0.0436085944579943	D:0.0470712311246747	D:0.0489661993732529	D:0.0511968644875347	D:0.0551313447033624	D:0.0594017439821762	D:0.0412657487698125	D:0.0571579380345158	D:0.0491672838266822	D:0.00295203405633526
D:204	D:2000	D:-0.0302421433034093	D:-0.020748588854264	D:-0.0136452360244029	D:-0.0105021475335887	D:-0.00731981679863104	D:-0.000605792621538829	D:0.0052280396987742	D:-0.0229190420196454	D:0.00210222928206308	D:-0.0105167724504633	D:0.00494012336423995	D:0.0387790996675753	D:0.043955212520519	D:0.047140668123691	D:0.0491415876222699	D:0.0512106172794759	D:0.0555637945116569	D:0.0600088037339666	D:0.0412422461450975	D:0.0571625939245404	D:0.0492841381356497	D:0.00299154100689158
D:208	D:2000	D:-0.0279226205370699	D:-0.0200007277373892	D:-0.0134875440877545	D:-0.0103146208416586	D:-0.00716697619050013	D:-0.000399299303846556	D:0.00551823825074659	D:-0.022935610255133	D:0.00215996768382699	D:-0.0102930878675268	D:0.00495297408870222	D:0.040156917510216	D:0.0437403141157858	D:0.0471805071856084	D:0.0490935922533648	D:0.0512285982685351	D:0.0552646098462819	D:0.0592098073697821	D:0.0413115989283101	D:0.0571521093686504	D:0.0492670462113761	D:0.00296253267640917
D:218	D:2000	D:-0.0283767485807563	D:-0.0196537329946563	D:-0.0134788478216486	D:-0.0102483850809518	D:-0.00714451076496303	D:-0.000239450671047327	D:0.00604521587670393	D:-0.0224919896122302	D:0.00233707678998002	D:-0.0103087347214485	D:0.00486123138792703	D:0.0404819142671039	D:0.0439032116780626	D:0.0473418775296653	D:0.0492095276727414	D:0.0511628005943239	D:0.0552060614843621	D:0.0585969064106257	D:0.0418081559102913	D:0.0568260033038613	D:0.0493107212747896	D:0.00287525662404947
D:220	D:2000	D:-0.0261816249049048	D:-0.0198485659551797	D:-0.0134320456128546	D:-0.0100940125771597	D:-0.00706827310695269	D:-6.53103740590071e-05	D:0.00766737924061431	D:-0.0229496174968448	D:0.00231016698383399	D:-0.010174627182472	D:0.00491572430470612	D:0.0404974072496795	D:0.0437467268507416	D:0.0471405792342582	D:0.0490251089642886	D:0.0509748324104881	D:0.055152077093724	D:0.0608372203043785	D:0.0415749856200798	D:0.0567127224050897	D:0.0491478092746565	D:0.00288345012994194
D:221	D:2000	D:-0.0265193321986813	D:-0.0201711265887912	D:-0.0136511875219101	D:-0.0104156834453808	D:-0.00726287913619569	D:-0.000641065515465855	D:0.00752267069226317	D:-0.0230368549689487	D:0.0021204070298213	D:-0.0103923333739495	D:0.00492220554334984	D:0.0402039649584825	D:0.0438116230438111	D:0.0471416808418276	D:0.0490267711153049	D:0.050955225855104	D:0.0552421176689519	D:0.0605129011047022	D:0.041567062500171	D:0.0565332417270761	D:0.0491472068751015	D:0.00288583859735601
D:222	D:2000	D:-0.0258664043751935	D:-0.0200093422467242	D:-0.0134340528897103	D:-0.0103013551990611	D:-0.00717027374112786	D:-0.000480472258369516	D:0.00733680140941841	D:-0.0227549882923106	D:0.0020186457073149	D:-0.0103013016403422	D:0.00489090895867539	D:0.0405377078653145	D:0.0438740630427732	D:0.0472211719098273	D:0.0491154119411992	D:0.0511693968978916	D:0.0549638655664886	D:0.0594013047086362	D:0.0415830186999906	D:0.0567356340587003	D:0.0492076140578631	D:0.00285856489010191
D:226	D:2000	D:-0.0273519152767244	D:-0.019302643074119	D:-0.0133619145715563	D:-0.0100791579323466	D:-0.0069137387464051	D:-0.000859738845749962	D:0.00461357890964926	D:-0.0227727041998753	D:0.00265865569114234	D:-0.0101155629369774	D:0.00475078133859164	D:0.0400695373643838	D:0.0441683932883894	D:0.0472597716639091	D:0.049122559353596	D:0.0509828574179342	D:0.0549050021960947	D:0.0619394800235347	D:0.0418605649177829	D:0.0565555809825765	D:0.0492124439041097	D:0.00275580753734722
D:234	D:2000	D:-0.027490318599735	D:-0.0192783928008241	D:-0.013284804155564	D:-0.010162512722791	D:-0.00716322755409732	D:-0.00108498400735017	D:0.00376712245769129	D:-0.0224468798798755	D:0.00195789097906211	D:-0.0102190220060129	D:0.00466681585628798	D:0.0398806795177643	D:0.0439960538823198	D:0.0471390833064244	D:0.0490110189122953	D:0.0509534024414916	D:0.0545923105565253	D:0.0607103491187875	D:0.0415876504421953	D:0.0564217781272197	D:0.0490900543812814	D:0.00276308650361158
D:237	D:2000	D:-0.0269722934738231	D:-0.0193002162362866	D:-0.0131602880641076	D:-0.0103414356002379	D:-0.00721130237149086	D:-0.000719072750837305	D:0.00752742082723456	D:-0.0220465607185892	D:0.00166622486326063	D:-0.0101925389790038	D:0.00463982752968329	D:0.0408181965577321	D:0.0440400900936588	D:0.0472090901676363	D:0.0491656507897069	D:0.0509348364798936	D:0.0548429144477379	D:0.0591412506928121	D:0.0416730824178308	D:0.056499628006807	D:0.0491797960166466	D:0.00277587759776106
D:239	D:2000	D:-0.0250705658308917	D:-0.0192763729953039	D:-0.0133782382133609	D:-0.0104702096778474	D:-0.0074292487765839	D:-0.000769349357829428	D:0.00541213620720169	D:-0.02217712838832	D:0.00140143675387636	D:-0.0103598563577865	D:0.00459177537152021	D:0.0389948969373491	D:0.0441292974041367	D:0.0471996623483686	D:0.0489894286223626	D:0.0509287343902749	D:0.0546222045021322	D:0.0597723383949815	D:0.041790449218457	D:0.0563909571984011	D:0.0491746347246199	D:0.00274353669285748
D:244	D:2000	D:-0.0250680039530045	D:-0.0194817597301397	D:-0.0132816326399764	D:-0.0103238285702595	D:-0.00755477104358776	D:-0.00115068043012627	D:0.00491683789455981	D:-0.0217560607708398	D:0.00100090010129785	D:-0.0103496457183173	D:0.00456117572481249	D:0.0402112385720915	D:0.0440397520695265	D:0.0473009305934972	D:0.0491967802014568	D:0.051069634926462	D:0.0547573355442855	D:0.0602131562852483	D:0.0417048318490862	D:0.0565587031470036	D:0.0492337229377494	D:0.0027467691862093
D:248	D:2000	D:-0.0252320097097764	D:-0.019302097766304	D:-0.0133176081948067	D:-0.0103488072234976	D:-0.00721389012462137	D:-0.000696775349809009	D:0.0049691542834435	D:-0.0224496018675676	D:0.00185525688610982	D:-0.0102366872350725	D:0.00466298531799684	D:0.0414317328068746	D:0.0439206180334025	D:0.0472814627110377	D:0.0491103094565427	D:0.0510699769721402	D:0.0547531008480233	D:0.0597372236724958	D:0.0417048318490862	D:0.0566802250678058	D:0.049225214752503	D:0.00273766570932398
D:249	D:2000	D:-0.0256401279985386	D:-0.0195706580381407	D:-0.0134878023958748	D:-0.0103476413622714	D:-0.00774938194353207	D:-0.0012676771504007	D:0.00573945988986427	D:-0.0220603414232967	D:0.000534782273474325	D:-0.0104690843804665	D:0.00459331024530797	D:0.0409485316887631	D:0.0441295808975898	D:0.0474199967920795	D:0.0491721767117402	D:0.0510864446807553	D:0.0548904489215947	D:0.0585530294994712	D:0.0420016035613776	D:0.0565488018491183	D:0.049240498374493	D:0.00270750912578884
D:254	D:2000	D:-0.0251932481145294	D:-0.0193397595279322	D:-0.0130460135704116	D:-0.010480217037631	D:-0.0076400100024647	D:-0.00150390605281972	D:0.00431927317024616	D:-0.0210929721446793	D:0.000390409028513366	D:-0.0103942748205002	D:0.0044002425366476	D:0.0415439587004162	D:0.0444583473713705	D:0.0473328591437186	D:0.0491085897673909	D:0.0510199769290408	D:0.0545867218853255	D:0.0591062269444624	D:0.0418314093261355	D:0.0565443888959502	D:0.0491945712851359	D:0.00261646566079397
D:255	D:2000	D:-0.0257321997888698	D:-0.0193789465542827	D:-0.0133277217457076	D:-0.0102894355629678	D:-0.0074843484622128	D:-0.00134071204234405	D:0.00429638870880121	D:-0.0219074858370471	D:0.00106936385731334	D:-0.0103426921077384	D:0.00459232892435188	D:0.0401964958326264	D:0.0442384112454678	D:0.0473507323320469	D:0.0490373172304576	D:0.0508943368361794	D:0.0545873753431671	D:0.0600589131163994	D:0.0422946150128673	D:0.0561796421271476	D:0.0491649267347013	D:0.00266839030383855
D:261	D:2000	D:-0.0266277854281928	D:-0.0194130985352179	D:-0.0133498729579366	D:-0.0103823919503087	D:-0.00755149059902254	D:-0.00152871105138301	D:0.00455583008615664	D:-0.022037452801563	D:0.00102853334514891	D:-0.0104109149686785	D:0.00443412332936062	D:0.0408037966431076	D:0.0442925932566879	D:0.0474144771313425	D:0.0491441629771039	D:0.0511362515289767	D:0.0545531565790199	D:0.0593063648641959	D:0.0419862776897527	D:0.0562335733245159	D:0.0492779052049733	D:0.00267501957776375
D:262	D:2000	D:-0.0236103791035955	D:-0.0189142487488444	D:-0.0131098568224495	D:-0.0103086030767977	D:-0.00740658151135951	D:-0.00120949716008911	D:0.00267338467360861	D:-0.0212970318295293	D:0.00112796367762413	D:-0.0102200730404187	D:0.00440373362431226	D:0.0405238261272505	D:0.0443168986119941	D:0.0473208414868449	D:0.0491225243934844	D:0.0510283814047563	D:0.0546145091421196	D:0.0593488301779853	D:0.0424048385959569	D:0.0565716369034997	D:0.0492322232342324	D:0.00265752289833343
D:264	D:2000	D:-0.0258790522263123	D:-0.0191666983543901	D:-0.0134049122629085	D:-0.0106492757988881	D:-0.00750622550579095	D:-0.00165419638862423	D:0.00572997480619195	D:-0.0222077790590316	D:0.0012824414921864	D:-0.0104524686177697	D:0.00452729868213971	D:0.0394512182969207	D:0.0443424031799921	D:0.0474387107798328	D:0.0492136910316683	D:0.051126324889161	D:0.0546316972507221	D:0.0586685300669701	D:0.0419128366231354	D:0.0564491930489599	D:0.0492762792313828	D:0.00268342960581157
D:278	D:2000	D:-0.0232026742524612	D:-0.0188046681830449	D:-0.0130226716424847	D:-0.0102513661553406	D:-0.00749184172921388	D:-0.00218844716012376	D:0.00291844027182091	D:-0.0212932318454951	D:0.000698835813878701	D:-0.0103131774262551	D:0.00423231793846392	D:0.0404692330832744	D:0.0443506964625262	D:0.047348747587949	D:0.048966955369159	D:0.0507535918288638	D:0.0541271257514138	D:0.0573319233171093	D:0.0422624398800411	D:0.0557520970163664	D:0.0491107690534971	D:0.00249205834534352
D:279	D:2000	D:-0.0272015992521376	D:-0.0186083114866895	D:-0.0131530407127895	D:-0.0101382690985548	D:-0.00740626927134792	D:-0.0017148669883148	D:0.00552977845285963	D:-0.0216140203641946	D:0.00113194210718981	D:-0.0101796718199102	D:0.00431715011134415	D:0.042054025994041	D:0.0442784846926285	D:0.0473511729606145	D:0.0490055937450592	D:0.0509378367447108	D:0.0544781450992622	D:0.0604069053681554	D:0.042054025994041	D:0.0562513292759033	D:0.0491972691768003	D:0.0026425063134781
D:280	D:2000	D:-0.0237801302900814	D:-0.0189110451250755	D:-0.0130660670398428	D:-0.0103237795646625	D:-0.00760476927445657	D:-0.00192761021541742	D:0.00457756467591467	D:-0.0211724476198981	D:0.000538623407275911	D:-0.0103606353145165	D:0.00429977011072022	D:0.0410133090348746	D:0.0445696507389533	D:0.0473371214742641	D:0.049138951138412	D:0.0508954054004718	D:0.0541420572331485	D:0.0572783308130898	D:0.0421132214196122	D:0.0561619090153858	D:0.0491541697980743	D:0.00257039182763687
D:284	D:2000	D:-0.0248557519069435	D:-0.0186627136693135	D:-0.0132082547429946	D:-0.0105603295554109	D:-0.00759255473724491	D:-0.00194189327576819	D:0.00308680309586632	D:-0.0214601392791992	D:0.00076920712094973	D:-0.0103788082825903	D:0.00422163573906059	D:0.0420508890144031	D:0.0443472687271693	D:0.0473522431564456	D:0.0491314940664315	D:0.0509251541228904	D:0.0544334594980214	D:0.0601255476494634	D:0.0420508890144031	D:0.0562789649014259	D:0.0491929117522068	D:0.00258147887323772
D:294	D:2000	D:-0.0220465858626287	D:-0.0183482813728639	D:-0.0130258642424588	D:-0.0103014998847	D:-0.00749876138893886	D:-0.0020755676520002	D:0.00398689185803531	D:-0.0211586487132696	D:0.000789154944965457	D:-0.0102026589636919	D:0.00418261912782656	D:0.04133547104468	D:0.0445367918416641	D:0.0475355988562236	D:0.0491448649756131	D:0.0510733465848634	D:0.0545791532947334	D:0.0585739811328623	D:0.0422389058297784	D:0.0563397735738955	D:0.0492877439255329	D:0.00258951728410312
D:296	D:2000	D:-0.0254608608235407	D:-0.0187392716346405	D:-0.01309387727163	D:-0.0103491177278217	D:-0.00781303057495134	D:-0.00168544483286203	D:0.00415036229552392	D:-0.0208880070085868	D:5.14959341985051e-05	D:-0.0104000570337119	D:0.00426553761397937	D:0.0417498843046218	D:0.0444792006736376	D:0.0472878143025954	D:0.0490314788252132	D:0.0507994303820088	D:0.0538874678584718	D:0.0575830611644706	D:0.042212847933332	D:0.0560658714218367	D:0.0490754134551061	D:0.00251237536650184
D:299	D:2000	D:-0.0232877068195351	D:-0.0184556955668788	D:-0.0132043609554848	D:-0.0104969258008	D:-0.00785989674655812	D:-0.00242426975060975	D:0.00279417497213667	D:-0.0212093293405674	D:2.27760292212443e-05	D:-0.0104442350495946	D:0.00413920782495041	D:0.0412211267590414	D:0.0445373345839664	D:0.0473829193368255	D:0.0491192777205851	D:0.0508276732697317	D:0.0542690804676274	D:0.0593713890135325	D:0.0423441396872372	D:0.0558810738591072	D:0.0491591111779881	D:0.00252352058426491
D:300	D:2000	D:-0.0245733560410041	D:-0.0186013438264097	D:-0.0130617218188874	D:-0.0104150901754718	D:-0.0078611921278458	D:-0.00242838868303527	D:0.00367948769391774	D:-0.0206229852838968	D:-0.000359439177440204	D:-0.0104568101093754	D:0.00407564435245171	D:0.0414723736543501	D:0.0445360036950565	D:0.0473360600717388	D:0.0490811180387064	D:0.0508041334454827	D:0.0540985956763394	D:0.0587772139248102	D:0.0428792496716318	D:0.0559968922030937	D:0.0491340957348833	D:0.00247883415935474
D:308	D:2000	D:-0.0240704406422027	D:-0.0184449860334662	D:-0.0130301251668159	D:-0.0102035700750843	D:-0.0074504903371167	D:-0.00229601475871795	D:0.00308680309586632	D:-0.0212920440519148	D:0.000835264713741212	D:-0.010221928226818	D:0.00411689273387766	D:0.0423001065706865	D:0.0446490178483951	D:0.0475876889235309	D:0.0490943933747056	D:0.0507626953649049	D:0.0540446170782668	D:0.0581719597558648	D:0.0430100834615244	D:0.0554278016806059	D:0.0491964775734013	D:0.00237717612440958
D:310	D:2000	D:-0.0243705730302126	D:-0.01867794376308	D:-0.0131011752265057	D:-0.0103378593341796	D:-0.00774564146940921	D:-0.00254989024952936	D:0.00394327025484784	D:-0.0209976663114773	D:6.80099960627446e-05	D:-0.0104295038824576	D:0.00411451890279165	D:0.0420392876664814	D:0.0445177416558822	D:0.0474465295379391	D:0.0492421216885466	D:0.0509335061149624	D:0.0537965511845198	D:0.0567865231446964	D:0.0423707861855322	D:0.0559967488743606	D:0.0492086130781871	D:0.00243177354351107
D:314	D:2000	D:-0.0248330031294141	D:-0.0184190227230009	D:-0.0131742487048376	D:-0.0103760379979086	D:-0.00786277717105584	D:-0.00249669479887261	D:0.00625542736415672	D:-0.0211177263790615	D:8.51057781993893e-05	D:-0.0104709693793943	D:0.00402946386254665	D:0.0416878648436022	D:0.0445216124586119	D:0.0473882967258472	D:0.0490242402561565	D:0.050798999184374	D:0.0538821665625953	D:0.0611293345008038	D:0.0422801471528351	D:0.0558700551810863	D:0.049112787044034	D:0.00243176675579165
D:324	D:2000	D:-0.0238518997928408	D:-0.0183792772985786	D:-0.0129657576435544	D:-0.0103251623947405	D:-0.00764485397980298	D:-0.00224500530573431	D:0.00243041704188632	D:-0.020939369337609	D:0.000292836103326654	D:-0.0103285223048093	D:0.00405963789255195	D:0.0408665403982223	D:0.0447712678668799	D:0.0476755268300526	D:0.0492970721460861	D:0.0510187118374897	D:0.0540292299703988	D:0.057692356328563	D:0.0426712139147642	D:0.0558441491302029	D:0.0493298413437381	D:0.0024048308415696
D:325	D:2000	D:-0.0247403739904729	D:-0.0177128315906658	D:-0.0131082050467517	D:-0.0104660803276747	D:-0.00775510111183707	D:-0.00254015995633601	D:0.00235612329088387	D:-0.0209253211570136	D:0.000105062066816159	D:-0.0103762012281278	D:0.00395778495823959	D:0.0406465632542434	D:0.0447486805339492	D:0.0475675769799278	D:0.0492650992052246	D:0.0508914936731564	D:0.0540174686950886	D:0.0577622648661184	D:0.0426052623671709	D:0.0558650384924851	D:0.049256486169375	D:0.00241447291736558
D:327	D:2000	D:-0.0229562787886163	D:-0.0184252951001803	D:-0.0131005862823807	D:-0.0104239775485398	D:-0.00792003286526471	D:-0.00298060271373898	D:0.00464612141841186	D:-0.0208048808534605	D:-0.000525604889809867	D:-0.0104552779224961	D:0.00390996991967961	D:0.0422782767828889	D:0.044676686730146	D:0.0475079160851417	D:0.0491284264734446	D:0.0508050667987429	D:0.0539953832921004	D:0.0588788000513327	D:0.0427499737598198	D:0.055499166880584	D:0.0492244570523132	D:0.00236386548781541
D:330	D:2000	D:-0.0245418256678914	D:-0.018737498243216	D:-0.0130166081102397	D:-0.0103682051896712	D:-0.00795216890664518	D:-0.0018421887987674	D:0.00288737311569271	D:-0.0206029275257964	D:-0.000425643764163578	D:-0.0104148720643704	D:0.00407469244537738	D:0.0421965143662433	D:0.0446819188367569	D:0.0474686305892921	D:0.0491141283805644	D:0.0507418904687971	D:0.0539812716083384	D:0.0574092054735678	D:0.0425730145711733	D:0.0555822011090767	D:0.0491689159209882	D:0.00239299750361712
D:335	D:2000	D:-0.0230780342856033	D:-0.0176319068280703	D:-0.0127412230295708	D:-0.0101417997892324	D:-0.00762662354349745	D:-0.00236808082471817	D:0.00190351798000811	D:-0.0202468869073347	D:2.27760292212443e-05	D:-0.0101413506941659	D:0.00388578675476252	D:0.0425307133632343	D:0.0446002605603515	D:0.0475651328152425	D:0.0491459863932257	D:0.0507574610247521	D:0.053686576578765	D:0.0576464205969228	D:0.0428784696942625	D:0.0553882179735301	D:0.0491629633933368	D:0.00232077763707446
D:353	D:2000	D:-0.0250148305573527	D:-0.0176371752418751	D:-0.0129996980642251	D:-0.0104870336603954	D:-0.00792148121290868	D:-0.0029804578091062	D:0.00338527338651314	D:-0.0205365029086453	D:-0.000420983387729774	D:-0.0104500224937153	D:0.00378448672359715	D:0.0425677726070167	D:0.0448036417116009	D:0.0476483796002161	D:0.0491788829640205	D:0.0508218139126946	D:0.0536441372817255	D:0.0562931429380803	D:0.0429343349037127	D:0.0550496795353707	D:0.0492272451756171	D:0.00226492188585239
D:401	D:2000	D:-0.0223071779445123	D:-0.0167927939526282	D:-0.0126950078543139	D:-0.010283312408469	D:-0.0079435427078995	D:-0.00337116696790566	D:0.00266420316392598	D:-0.0198069314388271	D:-0.000938129334254575	D:-0.0102095365962635	D:0.00347573759992355	D:0.0418076400375997	D:0.0450890470973756	D:0.0477854755801823	D:0.0491523720319972	D:0.0506520572261628	D:0.0536316498476097	D:0.0582627163550578	D:0.0435577453381865	D:0.0547393588771964	D:0.0492358414334796	D:0.00217581978780327
D:403	D:2000	D:-0.0219830432159836	D:-0.017264964371167	D:-0.0126981988419415	D:-0.0102092708868664	D:-0.00798883616290457	D:-0.00355250109944355	D:0.00338527338651314	D:-0.0196015203816691	D:-0.0011244977945278	D:-0.0103181895443118	D:0.00349994602013271	D:0.04115752137268	D:0.0449139122601533	D:0.0476204310993422	D:0.0490797329011139	D:0.0505838754838832	D:0.0535348617633935	D:0.0567912161055485	D:0.0432718825868753	D:0.0550052535900614	D:0.0491332839024473	D:0.00217702058332777
D:426	D:2000	D:-0.0219844995196529	D:-0.0171487866370732	D:-0.0124972534951618	D:-0.010270817339268	D:-0.00795341564879557	D:-0.00324454453274459	D:0.00189286863032854	D:-0.0192459393333439	D:-0.00121277738721541	D:-0.0101949801897754	D:0.0034924614476689	D:0.0433938918495995	D:0.0452398840485228	D:0.0475751201016568	D:0.0490625634686313	D:0.0504687317651387	D:0.053276051939375	D:0.0561909082540631	D:0.0433938918495995	D:0.0547359493305488	D:0.0490700170726033	D:0.00208435810387847
D:431	D:2000	D:-0.0227901959034019	D:-0.0170060515301084	D:-0.0125550068994808	D:-0.0103099204791045	D:-0.00800194651666528	D:-0.00346262312550997	D:0.00191781417142116	D:-0.0193517986070564	D:-0.00119800253169357	D:-0.0102616612367985	D:0.00344509455480659	D:0.0430941111176769	D:0.0453501626212673	D:0.0476980619493298	D:0.0490755630647527	D:0.0506023599703418	D:0.053215821786332	D:0.0568179850251768	D:0.0434193912246058	D:0.054940633898601	D:0.0491527201004721	D:0.00206270268372451
D:432	D:2000	D:-0.0223970411380587	D:-0.0167583483773127	D:-0.0125617081389695	D:-0.0102359427749886	D:-0.00817336199271948	D:-0.00381255520822127	D:0.00195737973346516	D:-0.0187356336330747	D:-0.00169074313535756	D:-0.0103055420050059	D:0.00331189485726761	D:0.0422860990545796	D:0.04519857763083	D:0.0476997658735225	D:0.0490185954858916	D:0.0504378880720127	D:0.0532842925633706	D:0.0557448714284637	D:0.0438283825026822	D:0.0544272714342503	D:0.0490880778270756	D:0.00201464953060028
D:436	D:2000	D:-0.0235096857922276	D:-0.0165531033386296	D:-0.0124490113617198	D:-0.0102787521236287	D:-0.0080492925379211	D:-0.00374439299369003	D:-6.01417613986209e-05	D:-0.018949886446958	D:-0.00178381034646088	D:-0.0102333440293397	D:0.00326451953757141	D:0.0422352089910403	D:0.0453717405531971	D:0.047817538677808	D:0.0491415603649661	D:0.0506029587600236	D:0.053510171399364	D:0.0570864381089854	D:0.0436721234637088	D:0.0545839446288989	D:0.0492379207180929	D:0.00207544790912231
D:451	D:2000	D:-0.0235821502561118	D:-0.0171508113256175	D:-0.0127407190389027	D:-0.0104057797342621	D:-0.00825538381655918	D:-0.0038887668587735	D:0.00171388674524865	D:-0.0193929807798743	D:-0.00189369481039476	D:-0.010471811401903	D:0.00330504251741249	D:0.0436170993239827	D:0.0454252803705094	D:0.0477756172774627	D:0.0490967578710954	D:0.0505711285243024	D:0.0532222775919812	D:0.056807714027835	D:0.0436170993239827	D:0.0546683890109337	D:0.0491700734924779	D:0.00200319342254025
D:458	D:2000	D:-0.0223254108605858	D:-0.0169095766633646	D:-0.0126376854580801	D:-0.0103787221597539	D:-0.00831526509413953	D:-0.0041063495841835	D:0.00155636464148121	D:-0.0189578667382223	D:-0.00239084221460085	D:-0.0104310394096345	D:0.00328989432703017	D:0.0430580414145671	D:0.0455831147959346	D:0.0477720286069004	D:0.0491379626564069	D:0.0505989669196715	D:0.0530289800929402	D:0.0560702404180715	D:0.0437357791110425	D:0.0545055894845108	D:0.0492017070682605	D:0.00196945942334732
