#start_row=1	cols=28
S:Source	S:panel_review_SRdown_bothFDR_matched/SF3b_bothFDR_clean_Reactome_network_nodes.csv	N:	N:	N:	N:	N:	N:	N:	N:	N:	N:	N:	N:	N:	N:	N:	N:	N:	N:	N:	N:	N:	N:	N:	N:	N:	N:
S:Description	S:Supplementary Fig. 3b plotted inhibitory-neuron Reactome nodes.	N:	N:	N:	N:	N:	N:	N:	N:	N:	N:	N:	N:	N:	N:	N:	N:	N:	N:	N:	N:	N:	N:	N:	N:	N:	N:
N:	N:	N:	N:	N:	N:	N:	N:	N:	N:	N:	N:	N:	N:	N:	N:	N:	N:	N:	N:	N:	N:	N:	N:	N:	N:	N:	N:
S:ID	S:Description	S:GeneRatio	S:BgRatio	S:RichFactor	S:FoldEnrichment	S:zScore	S:pvalue	S:p.adjust	S:qvalue	S:geneID	S:Count	S:pathway	S:is_hsf	S:family	S:display_label	S:node_id	S:force_label	S:display_status	S:i	S:n	S:angle	S:radius	S:cx	S:cy	S:x	S:y	S:label
S:REACTOME_DEGRADATION_OF_CRY_AND_PER_PROTEINS	S:REACTOME_DEGRADATION_OF_CRY_AND_PER_PROTEINS	S:3/81	S:46/8885	D:0.0652173913043478	D:7.15378421900161	D:4.01352876643988	D:0.00835966177266231	D:0.0979147948502208	D:0.0770557533407753	S:PSMA5/PSMD12/PSMD7	D:3	S:Degradation of cry and per proteins	S:FALSE	S:ER / protein transport	S:Degradation of cry and\nper proteins	D:8	S:FALSE	S:nominal Reactome p < 0.05	D:1	D:1	D:0	D:0	D:-0.25	D:0.48	D:-0.25	D:0.48	S:NA
S:REACTOME_AUF1_HNRNP_D0_BINDS_AND_DESTABILIZES_MRNA	S:REACTOME_AUF1_HNRNP_D0_BINDS_AND_DESTABILIZES_MRNA	S:4/81	S:41/8885	D:0.0975609756097561	D:10.7015959048479	D:5.97196852439478	D:0.000502352269223608	D:0.0830018637289548	D:0.0653197624333128	S:HSPA8/PSMA5/PSMD12/PSMD7	D:4	S:Auf1 hnrnp d0 binds and destabilizes mrna	S:FALSE	S:RNA processing / nuclear transport	S:Auf1 hnrnp d0 binds and\ndestabilizes mrna	D:1	S:FALSE	S:nominal Reactome p < 0.05	D:1	D:2	D:0	D:0.15	D:0.55	D:0.32	D:0.7	D:0.32	S:Auf1 hnrnp d0 binds and\ndestabilizes mrna
S:REACTOME_REGULATION_OF_MRNA_STABILITY_BY_PROTEINS_THAT_BIND_AU_RICH_ELEMENTS	S:REACTOME_REGULATION_OF_MRNA_STABILITY_BY_PROTEINS_THAT_BIND_AU_RICH_ELEMENTS	S:5/81	S:73/8885	D:0.0684931506849315	D:7.51310671401996	D:5.35943671639378	D:0.000514188415025372	D:0.0830018637289548	D:0.0653197624333128	S:ELAVL1/HSPA8/PSMA5/PSMD12/PSMD7	D:5	S:Regulation of mrna stability by proteins that bind au rich elements	S:FALSE	S:RNA processing / nuclear transport	S:Regulation of mrna\nstability by proteins\nthat bind au rich\nelements	D:2	S:FALSE	S:nominal Reactome p < 0.05	D:2	D:2	D:3.14159265358979	D:0.19	D:0.55	D:0.32	D:0.36	D:0.32	S:Regulation of mrna\nstability by proteins\nthat bind au rich\nelements
S:REACTOME_P53_DEPENDENT_G1_DNA_DAMAGE_RESPONSE	S:REACTOME_P53_DEPENDENT_G1_DNA_DAMAGE_RESPONSE	S:3/81	S:49/8885	D:0.0612244897959184	D:6.71579743008314	D:3.84816586329509	D:0.00995020236786164	D:0.0979147948502208	D:0.0770557533407753	S:PSMA5/PSMD12/PSMD7	D:3	S:P53 dependent g1 dna damage response	S:FALSE	S:Cell cycle / chromatin	S:P53 dependent g1 dna\ndamage response	D:9	S:FALSE	S:nominal Reactome p < 0.05	D:1	D:2	D:0	D:0.15	D:0.72	D:-0.3	D:0.87	D:-0.3	S:NA
S:REACTOME_RHO_GTPASE_CYCLE	S:REACTOME_RHO_GTPASE_CYCLE	S:9/81	S:408/8885	D:0.0220588235294118	D:2.41966230936819	D:2.81579355013454	D:0.0116149013363558	D:0.100330882944275	D:0.0789571359511338	S:ARHGEF10/ARHGEF4/KIDINS220/MYO9A/RACGAP1/RTKN/SRRM1/USP9X/VAV3	D:9	S:Rho gtpase cycle	S:FALSE	S:Cell cycle / chromatin	S:Rho gtpase cycle	D:10	S:FALSE	S:nominal Reactome p < 0.05	D:2	D:2	D:3.14159265358979	D:0.19	D:0.72	D:-0.3	D:0.53	D:-0.3	S:NA
S:REACTOME_RHOA_GTPASE_CYCLE	S:REACTOME_RHOA_GTPASE_CYCLE	S:6/81	S:132/8885	D:0.0454545454545455	D:4.98597081930415	D:4.42536792508048	D:0.0012515282213581	D:0.0830018637289548	D:0.0653197624333128	S:ARHGEF10/ARHGEF4/MYO9A/RACGAP1/RTKN/VAV3	D:6	S:Rhoa gtpase cycle	S:FALSE	S:Signaling / neuronal	S:RHOA GTPase cycle	D:5	S:FALSE	S:nominal Reactome p < 0.05	D:1	D:2	D:0	D:0.15	D:0.2	D:-0.7	D:0.35	D:-0.7	S:RHOA GTPase cycle
S:REACTOME_MAPK1_MAPK3_SIGNALING	S:REACTOME_MAPK1_MAPK3_SIGNALING	S:8/81	S:247/8885	D:0.0323886639676113	D:3.55275653521268	D:3.90263595057719	D:0.00177861136562046	D:0.0830018637289548	D:0.0653197624333128	S:DLG3/LYPLA1/MET/PSMA5/PSMD12/PSMD7/RAPGEF2/RASGEF1A	D:8	S:Mapk1 mapk3 signaling	S:FALSE	S:Signaling / neuronal	S:MAPK1/MAPK3 signaling	D:6	S:FALSE	S:nominal Reactome p < 0.05	D:2	D:2	D:3.14159265358979	D:0.19	D:0.2	D:-0.7	D:0.01	D:-0.7	S:MAPK1/MAPK3 signaling
S:REACTOME_METABOLISM_OF_POLYAMINES	S:REACTOME_METABOLISM_OF_POLYAMINES	S:3/81	S:44/8885	D:0.0681818181818182	D:7.47895622895623	D:4.13225825861084	D:0.00738903381355681	D:0.0979147948502208	D:0.0770557533407753	S:PSMA5/PSMD12/PSMD7	D:3	S:Metabolism of polyamines	S:FALSE	S:Metabolism / mitochondria	S:Metabolism of polyamines	D:7	S:FALSE	S:nominal Reactome p < 0.05	D:1	D:1	D:0	D:0	D:-0.42	D:-0.7	D:-0.42	D:-0.7	S:NA
S:REACTOME_ANTIGEN_PROCESSING_UBIQUITINATION_PROTEASOME_DEGRADATION	S:REACTOME_ANTIGEN_PROCESSING_UBIQUITINATION_PROTEASOME_DEGRADATION	S:9/81	S:271/8885	D:0.033210332103321	D:3.64288642886429	D:4.23806369959524	D:0.000763846177309748	D:0.0830018637289548	D:0.0653197624333128	S:ARIH2/ASB3/HECTD1/PJA1/PSMA5/PSMD12/PSMD7/UBE2K/WWP1	D:9	S:Antigen processing ubiquitination proteasome degradation	S:FALSE	S:Other	S:Antigen processing\nubiquitination\nproteasome degradation	D:3	S:FALSE	S:nominal Reactome p < 0.05	D:1	D:2	D:0	D:0.15	D:0	D:0	D:0.15	D:0	S:Antigen processing\nubiquitination\nproteasome degradation
S:REACTOME_CLASS_I_MHC_MEDIATED_ANTIGEN_PROCESSING_PRESENTATION	S:REACTOME_CLASS_I_MHC_MEDIATED_ANTIGEN_PROCESSING_PRESENTATION	S:10/81	S:337/8885	D:0.029673590504451	D:3.25493643990182	D:4.0478439920856	D:0.000922689829273493	D:0.0830018637289548	D:0.0653197624333128	S:ARIH2/ASB3/CALR/HECTD1/PJA1/PSMA5/PSMD12/PSMD7/UBE2K/WWP1	D:10	S:Class i mhc mediated antigen processing presentation	S:FALSE	S:Other	S:Class i mhc mediated\nantigen processing\npresentation	D:4	S:FALSE	S:nominal Reactome p < 0.05	D:2	D:2	D:3.14159265358979	D:0.19	D:0	D:0	D:-0.19	D:0.0000000000000000232682891837997	S:Class i mhc mediated\nantigen processing\npresentation
N:	N:	N:	N:	N:	N:	N:	N:	N:	N:	N:	N:	N:	N:	N:	N:	N:	N:	N:	N:	N:	N:	N:	N:	N:	N:	N:	N:
N:	N:	N:	N:	N:	N:	N:	N:	N:	N:	N:	N:	N:	N:	N:	N:	N:	N:	N:	N:	N:	N:	N:	N:	N:	N:	N:	N:
