#start_row=15456	cols=4
S:Source	S:panel_review_SRdown_bothFDR_matched/SF4e_bothFDR_overlap_genes.csv	N:	N:
S:Description	S:Complete 1,363-gene overlap list with JenAge aging statistics; participant-aware SR statistics are reported once in GSE39445_all_genes.	N:	N:
N:	N:	N:	N:
S:gene	S:age_logFC	S:age_p	S:age_FDR
S:MEST	D:-0.084662593725825	D:0.000000000239092046568496	D:0.00000270933517293724
S:NT5E	D:-0.178251095793188	D:0.000000000291221982042698	D:0.00000270933517293724
S:ZFP112	D:-0.0485452707905304	D:0.00000000231311889657961	D:0.0000119620204467011
S:HOOK1	D:-0.09452703245637	D:0.000000193643123206817	D:0.000270228978435113
S:CHML	D:-0.0720103829599619	D:0.000000269496424875166	D:0.000358173581822185
S:ZNF518B	D:-0.0700306416481459	D:0.000000611620867821392	D:0.000609654943603395
S:CYP2J2	D:-0.0427525080961399	D:0.000000997732079272789	D:0.000928223411083451
S:BACH2	D:-0.126624389478942	D:0.00000125817307116838	D:0.00103907595411937
S:SLC16A10	D:-0.0528500696537624	D:0.00000126580374203005	D:0.00103907595411937
S:RAD54B	D:-0.0647143142058497	D:0.00000142180811863422	D:0.00107250444840759
S:IL23R	D:-0.0278404888218789	D:0.00000294865623195855	D:0.00175099990285027
S:SCN3A	D:-0.0521090247414392	D:0.00000412666234844608	D:0.00222402023731512
S:FAM134B	D:-0.100563899119296	D:0.00000592922713185627	D:0.002876251109065
S:SSBP2	D:-0.0586353858965141	D:0.00000689095531031025	D:0.00317892621402252
S:RAB30	D:-0.0856379744336921	D:0.0000105395911937347	D:0.00422136226371884
S:ELOVL4	D:-0.0702996154677446	D:0.0000140326508345315	D:0.00508638032197108
S:LEF1	D:-0.182189922251937	D:0.0000202292200890435	D:0.00688533576445371
S:EDAR	D:-0.1067176739498	D:0.0000230373344002832	D:0.00746878024052492
S:SATB1	D:-0.106423176152094	D:0.0000298999124673572	D:0.00854338316302755
S:PTPRK	D:-0.0530843377220602	D:0.0000311931280115174	D:0.00861980398813318
S:CCR6	D:-0.12619103275719	D:0.0000401070389262873	D:0.0106608329184065
S:SMARCA1	D:-0.0261185973179835	D:0.0000426511181171216	D:0.0111251654826997
S:SDR42E1	D:-0.0585844931992333	D:0.0000515912090352682	D:0.0125209621232551
S:C12ORF23	D:-0.0932201144202732	D:0.0000695560368377245	D:0.0150222507839471
S:EFHA2	D:-0.039196218270338	D:0.0000739955355458257	D:0.0154120552021194
S:XKRX	D:-0.0383280642087638	D:0.0000755192149483478	D:0.0154980977147675
S:CFL2	D:-0.0633917354753141	D:0.0000777621059694605	D:0.0157271041855626
S:LEPROTL1	D:-0.062036979459683	D:0.0000798737139867239	D:0.015959353569334
S:SHISA2	D:-0.0218147811364488	D:0.0000926711659476394	D:0.0173042716114257
S:ZFP14	D:-0.0669921442957351	D:0.0000930003848697189	D:0.0173042716114257
S:PPAT	D:-0.06434232122468	D:0.0000991805822779595	D:0.0179748704634925
S:STRBP	D:-0.0774631077670287	D:0.000109876185251436	D:0.0190768633454741
S:EPC2	D:-0.0435168930753129	D:0.000119946855321176	D:0.0195772908304914
S:SYPL1	D:-0.0733819713570925	D:0.000125635221824168	D:0.0200370230920716
S:USP53	D:-0.0792499165812729	D:0.000131030683689249	D:0.0203817439722321
S:FBXL3	D:-0.0489673155049615	D:0.000175872491269382	D:0.0250438838333084
S:NPAT	D:-0.0688314056728206	D:0.000181260663310218	D:0.0255504298635767
S:N4BP2	D:-0.0389358773649047	D:0.000193398627360554	D:0.0264459221947538
S:ABLIM1	D:-0.116268207286689	D:0.000202070330709753	D:0.0270724754635381
S:PAICS	D:-0.070218265415531	D:0.000208324020408434	D:0.0275560351165848
S:ERBB2IP	D:-0.055694045446272	D:0.000230605465002705	D:0.0293890343754589
S:WDR3	D:-0.0660071191559502	D:0.000274107491234816	D:0.0322416416175057
S:ZNF295	D:-0.0399722778051329	D:0.000277943688782758	D:0.0323225348080282
S:NR3C2	D:-0.0646940104072854	D:0.000287771732593818	D:0.0329842523285438
S:RBM12B	D:-0.0529622968074782	D:0.000290986414942659	D:0.0330953034002714
S:NAA25	D:-0.0542130269298942	D:0.000302153119440331	D:0.033450338075682
S:SPRY1	D:-0.0196016487354222	D:0.000382130548507149	D:0.0380039082646958
S:C8ORF37	D:-0.0330354604016351	D:0.000390887758261876	D:0.038035592367402
S:LYRM7	D:-0.0493353879703977	D:0.000401781178917951	D:0.038035592367402
S:RORC	D:-0.0743017242183827	D:0.000403954559473104	D:0.038035592367402
S:AASDHPPT	D:-0.0520676550317869	D:0.000404749943859491	D:0.038035592367402
S:ZNF135	D:-0.034149111190108	D:0.00044141628807405	D:0.0394570634934125
S:IKZF5	D:-0.0505984679698213	D:0.000456152130479365	D:0.0401615330021422
S:SIRT1	D:-0.0496653361188922	D:0.000487998370131601	D:0.0419258332475195
S:TMEM169	D:-0.032366505421883	D:0.000491212736364704	D:0.0419258332475195
S:HSPD1	D:-0.0563209835043601	D:0.000497190200385076	D:0.0420502378568105
S:IRAK1BP1	D:-0.0435274543554159	D:0.000502426604134112	D:0.0423647326930002
S:ZNF585A	D:-0.0467778017037992	D:0.000504853391308511	D:0.0424411390103029
S:ITGA6	D:-0.0964570338388839	D:0.000506644451796275	D:0.0424638037526547
S:SLMO2	D:-0.0518790480392717	D:0.000517463665037	D:0.0429833657475675
S:OMA1	D:-0.0443692453131094	D:0.000526838322534274	D:0.0436322183440106
S:ZNF594	D:-0.0501432495361836	D:0.000537979103636734	D:0.0437755008236188
S:PPP1R2	D:-0.0502954077342114	D:0.000563710196688663	D:0.0448237937025088
S:MFSD4	D:-0.0217895940203137	D:0.000599361364988907	D:0.0469892575753943
S:NARG2	D:-0.0448857823367709	D:0.00060118142534219	D:0.0469999259980406
S:PRSS35	D:-0.0545000820221982	D:0.000611936236805008	D:0.0471835530789943
S:CD200	D:-0.116874172225145	D:0.00062465095513293	D:0.0475694344204211
S:C5ORF24	D:-0.0494240509300376	D:0.000625618472593782	D:0.0475694344204211
S:FOXO1	D:-0.0604737476430358	D:0.000628488619802846	D:0.0475694344204211
S:PIGN	D:-0.0450622052379948	D:0.000648158431867057	D:0.0484989325292481
S:NAA16	D:-0.0632526333525739	D:0.000670809205048429	D:0.0497933109385682
S:LTN1	D:-0.0551374675314516	D:0.000722304887906964	D:0.0518239830886462
S:SOCS5	D:-0.0483511092442994	D:0.000741078722848923	D:0.0527640488640649
S:TNFAIP8	D:-0.0658207887694734	D:0.000801758043826003	D:0.054763060912999
S:NUP160	D:-0.0517571384002461	D:0.000803886309934617	D:0.054763060912999
S:HSF2	D:-0.0760941157995679	D:0.000829749013629449	D:0.0554026195464065
S:TMEM194A	D:-0.0671338523886834	D:0.000837887315870366	D:0.0554348819458175
S:MGAT4A	D:-0.0629938104478165	D:0.000878192983111997	D:0.0570380285951118
S:ZFP82	D:-0.0735052028433802	D:0.000890864634478672	D:0.0575556295099531
S:TASP1	D:-0.0504706235834178	D:0.000925021627773387	D:0.0588026069357945
S:FIGNL1	D:-0.0562008386928368	D:0.00100181670698815	D:0.061329125246778
S:ARL5B	D:-0.0452729407450418	D:0.00102527042372655	D:0.0623426961355296
S:GVINP1	D:-0.0546388539322668	D:0.00104423096080666	D:0.0632056986212605
S:G2E3	D:-0.0377531983009598	D:0.00104852162169987	D:0.0632056986212605
S:ZNF148	D:-0.0366621708509684	D:0.0010631208512095	D:0.0633301357846632
S:ZNF643	D:-0.0301364173895743	D:0.00111887657889121	D:0.0653302203281461
S:EXOC5	D:-0.0395918485685291	D:0.0011260090865531	D:0.0653366187228633
S:ZNF284	D:-0.0360279128312464	D:0.00118907566890146	D:0.0668908209699505
S:ME1	D:-0.0371684014012289	D:0.00120220630982649	D:0.0673766628659789
S:ADD3	D:-0.0581174541534223	D:0.0012307573552915	D:0.0682911287995745
S:SLC39A10	D:-0.0582174121543731	D:0.00127290174226978	D:0.0695238505415848
S:SMEK2	D:-0.0353378948189201	D:0.00127992868769928	D:0.0697700493899618
S:YAF2	D:-0.0301694187637551	D:0.00128649499166825	D:0.0698151368161251
S:KLHDC1	D:-0.0484235704800975	D:0.00128824061126135	D:0.0698151368161251
S:FBXO5	D:-0.043854611008641	D:0.00133376061776488	D:0.0718634340575636
S:LEMD3	D:-0.0510569969374693	D:0.00135299747321895	D:0.0724801525480635
S:SUPT3H	D:-0.0663546228257499	D:0.00135881999490748	D:0.0726526169690958
S:FKBP7	D:-0.0230141016885719	D:0.00140638388266019	D:0.073921231949239
S:HLTF	D:-0.0545424610742588	D:0.00150607654899448	D:0.0770379342692818
S:DENND5B	D:-0.026925988176399	D:0.00157767438893641	D:0.0782977600889496
S:CAMK2D	D:-0.0595367873330815	D:0.00159145169860694	D:0.0784990041925576
S:C5ORF51	D:-0.0398695705320228	D:0.00161143596073505	D:0.0786279329792226
S:AKAP11	D:-0.0469197990678267	D:0.0016291462224463	D:0.0788138909203066
S:LARP4	D:-0.0401990736006281	D:0.00164066179235751	D:0.0788138909203066
S:CCR7	D:-0.175846875451497	D:0.00169515824874252	D:0.0804019445098985
S:SLC38A1	D:-0.0841459617469205	D:0.00170271057085915	D:0.0805468678519982
S:RASA2	D:-0.0610835038394848	D:0.00174255910432453	D:0.0809608983786791
S:FNDC3A	D:-0.0462763290915143	D:0.00174617622576058	D:0.0809608983786791
S:HSPH1	D:-0.0581150308428141	D:0.00177569675280513	D:0.0816009167702056
S:ZNF268	D:-0.0401023475141213	D:0.0017776193979321	D:0.0816009167702056
S:CCDC141	D:-0.00843923926687263	D:0.00193214058373641	D:0.0848612687123641
S:CASP8AP2	D:-0.051378308550334	D:0.00198324302443576	D:0.0858011351064651
S:FAM107B	D:-0.0474106146496715	D:0.00210298983477121	D:0.088528576604019
S:MAK16	D:-0.0469790137612164	D:0.0021726886234808	D:0.0896703835803672
S:PRKD3	D:-0.0443368600846844	D:0.00221366368321238	D:0.090402995322835
S:ZFR	D:-0.038446231910881	D:0.00222095033223768	D:0.090402995322835
S:CEP44	D:-0.035104171559014	D:0.00222201557833983	D:0.090402995322835
S:PKIA	D:-0.0834480550378905	D:0.00227942484633091	D:0.0907759089913254
S:TSPYL5	D:-0.0431164085953937	D:0.00232058277146286	D:0.0915208979619699
S:DYRK2	D:-0.0683072681334871	D:0.0023320249690725	D:0.0915208979619699
S:TET1	D:-0.0110092405181201	D:0.00239273705764561	D:0.0924948632671595
S:AMIGO2	D:-0.0591673998079654	D:0.00244208951094971	D:0.0932562493753152
S:BDP1	D:-0.0457953536793921	D:0.00245317956515521	D:0.0932562493753152
S:INTS6	D:-0.0371409664527084	D:0.00245921173558695	D:0.0932562493753152
S:TRMT1L	D:-0.0350879656652793	D:0.00248290349751579	D:0.0937724446761377
S:ZNF180	D:-0.0394960284519427	D:0.00251514287013463	D:0.0939727409711613
S:GMCL1	D:-0.0396970254803097	D:0.00256397100217039	D:0.0948866271643384
S:MANEA	D:-0.0563606133583164	D:0.00257975383629058	D:0.0951135133036596
S:SRSF10	D:-0.0455162075496996	D:0.00259110831176729	D:0.0951298397190882
S:PUM2	D:-0.0359401176607742	D:0.00262531228278754	D:0.0953267325317265
S:BANK1	D:-0.108296849990214	D:0.00263694011904518	D:0.0953536444758104
S:ZFP62	D:-0.0637390729550042	D:0.00266425134433591	D:0.0960713889152652
S:GRPEL2	D:-0.0584597423017066	D:0.00269993931823657	D:0.096617616904766
S:SYNJ2BP	D:-0.0383202580866408	D:0.00270016987408518	D:0.096617616904766
S:GCC2	D:-0.0490695536439412	D:0.00274636161899411	D:0.097809238743386
S:PREPL	D:-0.0453568787916159	D:0.00279028415881543	D:0.0984536420638922
S:TGDS	D:-0.0553928261981437	D:0.00282871092162567	D:0.0989339872463316
S:ZMYM2	D:-0.0468001298627701	D:0.00288886366274299	D:0.100466758419039
S:ZNF721	D:-0.0532505943488767	D:0.00292377414990396	D:0.100868401141928
S:IFT88	D:-0.0409441135376655	D:0.00305823161216059	D:0.102798337748321
S:CEP97	D:-0.0290182926784447	D:0.00306125241542452	D:0.102798337748321
S:WDR75	D:-0.0467867801225137	D:0.00308115318616794	D:0.10282226902965
S:DOCK10	D:-0.0593079062724742	D:0.00326959309447859	D:0.106074735120633
S:TC2N	D:-0.0832082353766388	D:0.00334448637635113	D:0.107169477340942
S:AKTIP	D:-0.0499003242937845	D:0.00340081707940792	D:0.108476348212886
S:MOXD1	D:-0.0180729766276533	D:0.00340758229363489	D:0.108568061433048
S:MTA3	D:-0.0327892193775304	D:0.00349856990794299	D:0.109878941691907
S:EIF4G2	D:-0.0306059687851317	D:0.00350803834828024	D:0.109878941691907
S:TCF12	D:-0.0418785916920996	D:0.00357097129261567	D:0.110488587818508
S:BEND4	D:-0.0220090017910362	D:0.0035743732094973	D:0.110488587818508
S:TWISTNB	D:-0.0547474609494419	D:0.0036052030647259	D:0.110918482697237
S:TSGA10	D:-0.0285117012460415	D:0.00360620028087136	D:0.110918482697237
S:STK17A	D:-0.0378134108463225	D:0.00362995011321104	D:0.111209558353151
S:GLS	D:-0.0565976470943487	D:0.00367172773430762	D:0.111753458085634
S:BZW2	D:-0.0526555890605436	D:0.00369498841165192	D:0.112065840887158
S:CGGBP1	D:-0.0435768249793255	D:0.00376737126917536	D:0.113183349970597
S:NUDT21	D:-0.0461328875059672	D:0.00381983208685022	D:0.113779630249722
S:CDC37L1	D:-0.0374211349125004	D:0.00396732577006167	D:0.115824332889562
S:XPO4	D:-0.044232773316716	D:0.00399118095743154	D:0.116073180751409
S:RCN2	D:-0.0492420555030874	D:0.00404581607906295	D:0.117010657890813
S:SLC30A5	D:-0.0337035335701352	D:0.0041769809413988	D:0.117876176010557
S:GATM	D:-0.0503480962754271	D:0.00430835985964897	D:0.120126197485318
S:ZNF507	D:-0.0427831515427374	D:0.00441153070772693	D:0.121306228623309
S:JMJD1C	D:-0.0612385018127555	D:0.00462034736765388	D:0.123755396488533
S:KIAA1147	D:-0.0613442548383372	D:0.00464886408090152	D:0.12388603887143
S:DZIP3	D:-0.0551016515724388	D:0.004698002067063	D:0.124521593249505
S:C11ORF54	D:-0.0363470477525511	D:0.00471840523788867	D:0.124580693121965
S:IKZF2	D:-0.0559965488097047	D:0.00478780830982528	D:0.125347851075263
S:TUBE1	D:-0.0566371497154275	D:0.00482305366953258	D:0.125805072819303
S:AGPHD1	D:-0.0129431441563249	D:0.00483209284390204	D:0.125923166455001
S:ENOPH1	D:-0.0442890323424956	D:0.00490269836329546	D:0.1269306278072
S:ING3	D:-0.0368309278663587	D:0.00490495624652518	D:0.1269306278072
S:PAX5	D:-0.0577520198978718	D:0.00507804821263989	D:0.128961169804167
S:PTK2	D:-0.0293083863730388	D:0.00517076690978463	D:0.130112457509335
S:USPL1	D:-0.055024609592425	D:0.00524548795115861	D:0.130969581564374
S:PPAPDC1B	D:-0.0696653044738935	D:0.00524629137187282	D:0.130969581564374
S:RAD21	D:-0.035903035644769	D:0.0053071095312893	D:0.131780629019826
S:KCNH8	D:-0.033539085210078	D:0.00537929239606121	D:0.132629020118435
S:ZNF440	D:-0.0368180837362152	D:0.00540905680092516	D:0.132794480284125
S:WRN	D:-0.0358688594931739	D:0.00545732358075279	D:0.132794480284125
S:WDHD1	D:-0.0256126310204729	D:0.00547899589667178	D:0.132857320135629
S:BBX	D:-0.0382660134281252	D:0.00551684228189412	D:0.133427268706815
S:CCNG2	D:-0.053606179856119	D:0.00560423226166286	D:0.134261049290138
S:CDC73	D:-0.0263382872531544	D:0.00581032634942388	D:0.136369381335462
S:PCSK5	D:-0.037323575954492	D:0.00587637114238868	D:0.137131704501729
S:BNIP3	D:-0.0521115940074336	D:0.00599109466483513	D:0.138777441703573
S:UTP14C	D:-0.0346945274531998	D:0.00611248221067751	D:0.139296797524559
S:HMGN1	D:-0.0482582708866452	D:0.00612342229194481	D:0.139400257885954
S:KIF2A	D:-0.04727329250917	D:0.00613246868889024	D:0.139492421440038
S:HDAC9	D:-0.0606442604764781	D:0.00620505612269336	D:0.139844943073798
S:WDR12	D:-0.0398850742142533	D:0.00627624951472493	D:0.140585974282482
S:EBF1	D:-0.0398184668196811	D:0.00629541898595828	D:0.140789378123474
S:LCORL	D:-0.0200394234984528	D:0.00631832420687207	D:0.140850182598882
S:NPM1	D:-0.0702021109087563	D:0.00646390545070195	D:0.142727532538838
S:METTL10	D:-0.0352080536727368	D:0.00649296581022005	D:0.143255870168571
S:PPWD1	D:-0.0486711551793122	D:0.00656423182754077	D:0.143805110130819
S:C16ORF52	D:-0.042438517684351	D:0.00662384958279946	D:0.144656996757381
S:FYTTD1	D:-0.0434491941092997	D:0.0066373832445493	D:0.144839223108187
S:ARHGEF4	D:-0.0118182799162132	D:0.00674262577493537	D:0.146107674983266
S:PPFIBP1	D:-0.0095652655453559	D:0.00686669553835671	D:0.14730345042385
S:PDIK1L	D:-0.0404241982101062	D:0.00688595617443991	D:0.14730345042385
S:RBM27	D:-0.0325746838166317	D:0.00689808705496138	D:0.14730345042385
S:ZNF518A	D:-0.0486759671202517	D:0.006977790673944	D:0.148664227259372
S:ZFP2	D:-0.0233603862693188	D:0.0069841854022542	D:0.148686967640667
S:C7ORF10	D:-0.0133323926911924	D:0.00705032773945478	D:0.148932370583892
S:PTCD2	D:-0.0262356899160347	D:0.00709767766304106	D:0.149506553641869
S:MPP5	D:-0.0287354600011693	D:0.00716127724601065	D:0.14988979220713
S:RSBN1	D:-0.0377651932236368	D:0.00716957623061693	D:0.14988979220713
S:SPG20	D:-0.046000289838359	D:0.00720197828892648	D:0.150121933748192
S:SESN1	D:-0.0668168921196618	D:0.0072659703732265	D:0.151199218638155
S:C1ORF109	D:-0.0481016641706362	D:0.00730787464843982	D:0.151307701363468
S:MTBP	D:-0.0181880430746201	D:0.00739873803217942	D:0.152687290544308
S:RB1CC1	D:-0.0373513743534762	D:0.00750626752987017	D:0.153257610718897
S:HMGCR	D:-0.0375401124869957	D:0.00757926658942808	D:0.154189749813671
S:UBR1	D:-0.0356695528584783	D:0.00757966093673797	D:0.154189749813671
S:NAA30	D:-0.0359218012074716	D:0.00774247970513416	D:0.15523894293843
S:AMD1	D:-0.0380440016156836	D:0.00790335413308646	D:0.157056017740291
S:TDG	D:-0.0419814781960362	D:0.00805086282808933	D:0.158350656470735
S:HDAC2	D:-0.0257185798117191	D:0.00808280994605187	D:0.15874389062835
S:SLC35B3	D:-0.031646638955862	D:0.00821637225308758	D:0.160138931273516
S:TFAM	D:-0.0467818912092792	D:0.00855685924310166	D:0.163801057253064
S:FAM161A	D:-0.0117669646391536	D:0.00862593615352084	D:0.164334387743868
S:LRPPRC	D:-0.0368173950831239	D:0.00882838597236636	D:0.165868205829231
S:C12ORF76	D:-0.025389549636666	D:0.00885789901474742	D:0.165938102183541
S:NR1D2	D:-0.0568692926343505	D:0.00895145051938501	D:0.166269480903944
S:ACADSB	D:-0.0415383068217328	D:0.00895482850907408	D:0.166269480903944
S:ANKRA2	D:-0.0430439101360398	D:0.00901984290057221	D:0.166497232377626
S:PAPOLG	D:-0.0313117806354111	D:0.0090492343648919	D:0.166785603785983
S:KRIT1	D:-0.0414861416094621	D:0.00909702011291775	D:0.167158125199595
S:PSIP1	D:-0.0516658447151265	D:0.009157971085012	D:0.16754964333585
S:RPGRIP1L	D:-0.00989944158319819	D:0.00944100100895392	D:0.170201712535491
S:FAM73A	D:-0.022311973609128	D:0.00955583150873568	D:0.171399525824342
S:USP1	D:-0.0351503805528079	D:0.00967063674181944	D:0.172297085621333
S:TANC1	D:-0.00329557408744731	D:0.0096969922183703	D:0.172493978849404
S:ERCC4	D:-0.0267204110935562	D:0.00996145345663579	D:0.17479363204269
S:ANGEL2	D:-0.0357911554431901	D:0.010000610327472	D:0.17479363204269
S:SPATA5	D:-0.0201210080692309	D:0.0100649285125697	D:0.175460433969906
S:APPBP2	D:-0.0247266674186643	D:0.0100757899416403	D:0.175486375574774
S:SAV1	D:-0.0362501416312166	D:0.0101370789321885	D:0.175839573025097
S:TARDBP	D:-0.0421868174541875	D:0.0102459638546788	D:0.176195225621742
S:SERBP1	D:-0.0338393832988035	D:0.0102777047841371	D:0.176311716333872
S:ARL13B	D:-0.0297520686900026	D:0.0103630016143494	D:0.176808308158607
S:TAF2	D:-0.0384209941054751	D:0.0103715951757611	D:0.176808308158607
S:RGPD5	D:-0.0198005158816752	D:0.0103829744561791	D:0.176808308158607
S:MALT1	D:-0.0469740424248909	D:0.0106639229272975	D:0.1794033085599
S:PRRC1	D:-0.033198569232601	D:0.0107039470295488	D:0.179541212899918
S:UBR3	D:-0.0273532225936411	D:0.010712710622513	D:0.179541212899918
S:FCGBP	D:-0.0247807694086985	D:0.0107701454453058	D:0.180003164901448
S:SMAD2	D:-0.0242676063148702	D:0.0108955765882774	D:0.180901572027854
S:EIF2AK3	D:-0.0397440698484663	D:0.0111396611194502	D:0.182592369465724
S:APPL1	D:-0.0358759287630965	D:0.0112058956499555	D:0.182621395949944
S:TTC8	D:-0.0243900249443207	D:0.0113107039107717	D:0.183535898924209
S:BTBD11	D:-0.0445372266352866	D:0.0113484602770179	D:0.183934684280819
S:TRAM1	D:-0.0479449490309238	D:0.011414898653043	D:0.184369109610203
S:PIBF1	D:-0.0391274419591941	D:0.0114603617642263	D:0.184920297838926
S:ZNF527	D:-0.0236840634714132	D:0.0114845185209075	D:0.184920297838926
S:PUS7L	D:-0.0332629878526653	D:0.011539542922748	D:0.185345152532808
S:GPRASP1	D:-0.077170165126892	D:0.0116990110008386	D:0.186157010851428
S:ANKRD12	D:-0.0387192328063768	D:0.0119316099184078	D:0.187823594372681
S:POLR1B	D:-0.0377055664721713	D:0.0120515576851343	D:0.189295504293326
S:ZNF10	D:-0.037703503892557	D:0.0120658080307355	D:0.189295504293326
S:WDR36	D:-0.0400747378189066	D:0.0121408198218499	D:0.189832090323715
S:ZFP37	D:-0.0229058050577823	D:0.0121829040924723	D:0.190164982757336
S:TSEN2	D:-0.0293099687001588	D:0.0121955245642673	D:0.190164982757336
S:ZNHIT6	D:-0.0445488865210978	D:0.0124964637966578	D:0.193120877389103
S:PRSS1	D:-0.00517789163544796	D:0.0125103394793784	D:0.19322832034834
S:ZC3H6	D:-0.0296511771388668	D:0.0127734948996895	D:0.195561296023222
S:MTX3	D:-0.0280353481472845	D:0.0128721100549214	D:0.196317263187354
S:WWP1	D:-0.0471718747334808	D:0.0129630899875287	D:0.197058737228718
S:RRP15	D:-0.0410983061924935	D:0.0133351008185764	D:0.198132319331532
S:SEH1L	D:-0.0400408929257027	D:0.0134090451717975	D:0.198433961158467
S:FKTN	D:-0.0335748320432617	D:0.0136172914817138	D:0.200181576967483
S:CLPX	D:-0.0228884779470347	D:0.0138121095821984	D:0.201198318600812
S:HIVEP2	D:-0.0444553010164388	D:0.01388277667927	D:0.201569381154873
S:DENR	D:-0.0312297420713684	D:0.0138925452818324	D:0.201569381154873
S:KLF12	D:-0.0574845297158114	D:0.0140146730973422	D:0.202668148262602
S:PARM1	D:-0.0410919499806219	D:0.0140378551861098	D:0.202752091319681
S:KIAA0020	D:-0.0403666011780042	D:0.0140422713192742	D:0.202752091319681
S:SRFBP1	D:-0.0301246693109234	D:0.0140686594464604	D:0.202923144780729
S:PTPN11	D:-0.0309958220232697	D:0.0141819779204005	D:0.203925298175362
S:ZNF326	D:-0.0327558896472049	D:0.0143194574873332	D:0.204930592257907
S:BRWD1	D:-0.0357327467503668	D:0.0144003982378406	D:0.205058732050067
S:GTF3C3	D:-0.0322392281758584	D:0.0144600816114139	D:0.205314831719086
S:CLEC2D	D:-0.0589961861581188	D:0.0144698772479915	D:0.205314831719086
S:JHDM1D	D:-0.0418455359206242	D:0.0145032244813302	D:0.205474616890318
S:GAS2	D:-0.0168276416965769	D:0.0146900078638722	D:0.206965229419826
S:FOXP1	D:-0.0437446436206025	D:0.0148073571663635	D:0.207779456266066
S:SECISBP2L	D:-0.0352496225055369	D:0.014885326109939	D:0.208141007879959
S:DOCK9	D:-0.0549118652562402	D:0.0149099757323943	D:0.208257423415792
S:OSBPL9	D:-0.0244318074791202	D:0.0149885309063079	D:0.20885167129059
S:NMT2	D:-0.0535257667704607	D:0.0150606510723342	D:0.209438351484229
S:ZNF461	D:-0.0330042885512489	D:0.0151837148765584	D:0.2104515948155
S:TCL1A	D:-0.14181873023332	D:0.0152276150856408	D:0.21071033070909
S:ZNF397	D:-0.0401060081478778	D:0.0153720079252829	D:0.211554606111759
S:SEC24A	D:-0.0268133371871778	D:0.0154170923594081	D:0.21175740538931
S:ZNF711	D:-0.028438278033201	D:0.0154693774917297	D:0.212343180934145
S:RUFY2	D:-0.0233422878492351	D:0.0155920574369926	D:0.212799179983601
S:FAM111B	D:-0.0427908131995565	D:0.0158845538896768	D:0.214625171568797
S:CDK6	D:-0.0372863204070651	D:0.0165478858099716	D:0.218991182725681
S:JMY	D:-0.0354653069947832	D:0.0167572894243648	D:0.220299551499775
S:SLAIN1	D:-0.0417401162020525	D:0.0169062583603682	D:0.221423590257098
S:CEP70	D:-0.0313798825582733	D:0.0171902694926544	D:0.223257525146572
S:LRRC58	D:-0.0322876350878687	D:0.0172318014109858	D:0.223344086812958
S:FXR1	D:-0.0350652650528776	D:0.0173214266652623	D:0.223717681407874
S:SLC17A5	D:-0.0278492705067172	D:0.0175420438587363	D:0.224619567942589
S:U2SURP	D:-0.0407589110781008	D:0.0175986961124424	D:0.224793761962287
S:OSTM1	D:-0.0285819283370476	D:0.0176065626531551	D:0.224793761962287
S:LZIC	D:-0.0236317152125369	D:0.0180411884744576	D:0.228047812645884
S:TAB2	D:-0.0246270566160997	D:0.0181728243924299	D:0.228943325660293
S:ZFP161	D:-0.0419423067725668	D:0.0182862286169482	D:0.229379164359112
S:TTC37	D:-0.0405513660896931	D:0.0184585557670404	D:0.230887387521852
S:LCLAT1	D:-0.0378290892289836	D:0.0187479447164607	D:0.233491805906478
S:MKI67IP	D:-0.0463306029546249	D:0.0189484378225653	D:0.234602113366121
S:RSF1	D:-0.0259945390615531	D:0.0191414744616619	D:0.235519217525235
S:HACE1	D:-0.0206312673081509	D:0.0191761772327498	D:0.235661940436568
S:ZNF529	D:-0.0382420306878302	D:0.0193279548354178	D:0.236197469441697
S:SNRK	D:-0.0310696987290136	D:0.019502609596575	D:0.237485965898956
S:MED23	D:-0.0463153342612082	D:0.0195190406671207	D:0.237500476497771
S:ZNF330	D:-0.0346289557781442	D:0.019941311188256	D:0.239897411751821
S:TMEM5	D:-0.0219765519139024	D:0.0201304691626361	D:0.241340805124215
S:TEK	D:-0.0322372313303493	D:0.0203221767096489	D:0.242908758872077
S:REEP3	D:-0.0261166453149321	D:0.0205187124420287	D:0.244316239017501
S:BMI1	D:-0.0471109424361308	D:0.0205649355432489	D:0.244657864881533
S:SMARCAD1	D:-0.040088444563028	D:0.0207878204735191	D:0.245503003327001
S:PHF3	D:-0.0277025976422269	D:0.0210751956032169	D:0.246981586975299
S:ADAM28	D:-0.0508884946168857	D:0.0212966713377485	D:0.248802886997305
S:ZCCHC7	D:-0.0338236810111423	D:0.0216880073458346	D:0.250238866515084
S:ZSCAN18	D:-0.0557012792982343	D:0.0216975298089038	D:0.250238866515084
S:ADNP	D:-0.0273724546630862	D:0.0220635777937278	D:0.251652822322412
S:NUP107	D:-0.0374211197642234	D:0.0221364480346447	D:0.251899335339301
S:ABI2	D:-0.031999211808659	D:0.0226516031415795	D:0.25421448800309
S:AKD1	D:-0.0167021953786159	D:0.0226743386915849	D:0.25421448800309
S:SNTG2	D:-0.00551711220349873	D:0.0227539410679967	D:0.254534066215546
S:LYPLA1	D:-0.0279113091626985	D:0.0228267362216995	D:0.254837683179054
S:REV3L	D:-0.0300367421542751	D:0.0229461750651396	D:0.25525219054127
S:CACNB4	D:-0.0356809727568994	D:0.0233496109676726	D:0.257338554761295
S:INADL	D:-0.0324737936337907	D:0.0239077850259615	D:0.260345797922195
S:PEX12	D:-0.0318058709066562	D:0.0243477786428451	D:0.2629823923846
S:KIAA0528	D:-0.036385125730517	D:0.0250071494932697	D:0.266800283775672
S:NEMF	D:-0.0359895017437495	D:0.0250901771044696	D:0.267277420986926
S:MAN1C1	D:-0.0438998890157244	D:0.0253769840933033	D:0.269375495383083
S:PGAP1	D:-0.0123760481793865	D:0.0253836457491046	D:0.269375495383083
S:ICK	D:-0.028248317900423	D:0.0254401670932382	D:0.269565324059332
S:PUS10	D:-0.0237329858695873	D:0.0255063033549583	D:0.269856302743323
S:PPP2CB	D:-0.0239355148066824	D:0.0256876602884907	D:0.270568740657711
S:HSPA8	D:-0.0429167553629562	D:0.0258530547348768	D:0.271083823450746
S:SWAP70	D:-0.049262567694713	D:0.0260244043859959	D:0.27151576408589
S:SYNCRIP	D:-0.0340819598506641	D:0.026035991759689	D:0.27151576408589
S:WDR35	D:-0.028771342009803	D:0.0262278056463446	D:0.272024546855993
S:TRAF5	D:-0.0527470678756468	D:0.0262462698881936	D:0.272095935228985
S:MTDH	D:-0.0299312424222	D:0.0266207164069572	D:0.273659003653104
S:C5ORF44	D:-0.025347258028735	D:0.0267525389181933	D:0.274508588678962
S:DDHD2	D:-0.0371319853085023	D:0.0268980353757747	D:0.27529305732962
S:OXCT1	D:-0.0456882841624792	D:0.026974762530344	D:0.275643432087904
S:PKN2	D:-0.0520964992475751	D:0.0269981414732136	D:0.275643432087904
S:KIAA1407	D:-0.0361758705285195	D:0.027393001988808	D:0.277107171260468
S:EPM2A	D:-0.0274788314971373	D:0.027494526593169	D:0.277722052327873
S:COG3	D:-0.0330784425475844	D:0.0284895813928754	D:0.283676138663986
S:EML4	D:-0.046366686978617	D:0.0286998967425096	D:0.284265655482805
S:BCLAF1	D:-0.0323409026576809	D:0.028702259780598	D:0.284265655482805
S:ENPP2	D:-0.0230652248916073	D:0.0287117478611977	D:0.284265655482805
S:GPR171	D:-0.0534863341935952	D:0.0289316466915714	D:0.285834428021861
S:SGK1	D:-0.0524583511473486	D:0.0293413117990266	D:0.287945152008028
S:RIPK4	D:-0.00791727063126803	D:0.0294642730111129	D:0.288441900996198
S:CEP76	D:-0.0243358702327875	D:0.0299981282926424	D:0.292029215433432
S:LRRC16A	D:-0.023611727559432	D:0.0300536517836507	D:0.292298639260039
S:UBTD2	D:-0.0211162790428838	D:0.0301506647823716	D:0.292559529854706
S:THAP6	D:-0.0220302019347303	D:0.0302623730486887	D:0.292694030556594
S:IBTK	D:-0.0286529389822719	D:0.0303218374258828	D:0.292927528446847
S:TEX10	D:-0.0314613636956359	D:0.0305640579102919	D:0.293242645677637
S:TRIM4	D:-0.0469657668916652	D:0.0306238379940604	D:0.293513502202688
S:KDELC1	D:-0.0153961507102725	D:0.0310413395487303	D:0.29508303365295
S:LARGE	D:-0.0199275964577559	D:0.0316980683615318	D:0.298122043369948
S:CNOT2	D:-0.0260814826513783	D:0.03211524520619	D:0.300434575873812
S:UBE3A	D:-0.0300198683917015	D:0.0322100134655217	D:0.301049522619215
S:NAA15	D:-0.0308382149796824	D:0.0322774385808153	D:0.301382826781463
S:COIL	D:-0.0314016881190026	D:0.0322911553138523	D:0.301382826781463
S:MAN2A1	D:-0.0284321299081712	D:0.032297958971815	D:0.301382826781463
S:DENND4C	D:-0.0334642421509513	D:0.0327407896878764	D:0.302861880756764
S:RPL38	D:-0.0486902199040108	D:0.0328390821691967	D:0.303225458837016
S:HERC4	D:-0.0230873123584283	D:0.0330415127966172	D:0.304114573073744
S:TMEM27	D:-0.0136580858566106	D:0.0331841429488731	D:0.304679498673673
S:RNGTT	D:-0.0367646400329512	D:0.0334868630476316	D:0.30613113254484
S:CD96	D:-0.0569540394619842	D:0.0340182685583105	D:0.308162893691154
S:TGS1	D:-0.0313622149445013	D:0.0341489539055367	D:0.308592959114122
S:ABCD3	D:-0.0266436775295376	D:0.0341954746145893	D:0.308666137287577
S:CDC42SE2	D:-0.0326735521117531	D:0.0342392236456252	D:0.308961116052182
S:PTBP2	D:-0.0438165427390908	D:0.0345739719967398	D:0.310333309905116
S:PNPT1	D:-0.0420240319840396	D:0.0345768688561669	D:0.310333309905116
S:CDR2	D:-0.0558015942410209	D:0.034965258425541	D:0.311683284144634
S:MCCC1	D:-0.0324731176914439	D:0.0350101431110669	D:0.311884166686842
S:TPD52	D:-0.0459101705699362	D:0.0353197762519834	D:0.312745861419053
S:SCAPER	D:-0.0235598877878493	D:0.0359215087885634	D:0.315571076578157
S:ITPR1	D:-0.0310359855799301	D:0.0362511425026448	D:0.31676522569416
S:KTN1	D:-0.0281609087401089	D:0.0363385104764693	D:0.31707488347141
S:PUM1	D:-0.0327457177032553	D:0.0366021384193418	D:0.318390495873817
S:SMC2	D:-0.027870724009048	D:0.0372146889977941	D:0.321145142867794
S:ZNF217	D:-0.039971020090137	D:0.0372587386427016	D:0.321145142867794
S:SHPRH	D:-0.0224305023235616	D:0.0375040935812367	D:0.321988182655871
S:HNRNPH3	D:-0.0322197623023482	D:0.0375048330083697	D:0.321988182655871
S:HEATR5B	D:-0.0372612970042164	D:0.0375963981748385	D:0.322140114954896
S:RGS5	D:-0.00624784416751143	D:0.0377072466358614	D:0.322641586940789
S:IGLV6-57	D:-0.117456167688956	D:0.0377205122962305	D:0.322641586940789
S:C2ORF69	D:-0.0241584726785405	D:0.0378466253959007	D:0.323061941292115
S:SPIN1	D:-0.0311042930361033	D:0.0382342373614567	D:0.324474677873359
S:ARMC1	D:-0.0346223278460773	D:0.038261767888091	D:0.324474677873359
S:SEPT7	D:-0.0327038622845917	D:0.0389606248712664	D:0.326121875478932
S:LCOR	D:-0.0338249632537405	D:0.0392905602815232	D:0.32730688743674
S:PARP11	D:-0.0246024769860745	D:0.0394208551680347	D:0.327681986740289
S:ASB7	D:-0.0210693726923611	D:0.0398153002123881	D:0.329136570237406
S:ZNF304	D:-0.0417160084902646	D:0.0403614350771768	D:0.331017644793554
S:TMEM209	D:-0.0301353880471096	D:0.0407007499471037	D:0.331781880755489
S:CHD7	D:-0.0300280008145704	D:0.0408648214479045	D:0.332252732727993
S:RPS6KA5	D:-0.0358537979972838	D:0.0410245716663108	D:0.332269613482942
S:CAPRIN1	D:-0.0204942637125595	D:0.0411177953955707	D:0.33264416523672
S:SACS	D:-0.0276458098707025	D:0.0412378649845594	D:0.33264416523672
S:REST	D:-0.0250197807499244	D:0.0413017231933885	D:0.332966809453343
S:CABYR	D:-0.0111136376105733	D:0.0413759468413084	D:0.333180229757911
S:BBS2	D:-0.0422667944223499	D:0.0415670153005142	D:0.334044168453024
S:DIP2C	D:-0.0142405306148354	D:0.0416574721599419	D:0.334169807591945
S:ATP2C1	D:-0.0279393166405706	D:0.0416778450965919	D:0.334169807591945
S:SLC25A17	D:-0.0273844368126205	D:0.0419174442543646	D:0.335123422841397
S:SPICE1	D:-0.0173162474522184	D:0.0421547275327064	D:0.336165591385354
S:RIMKLB	D:-0.0371339450893945	D:0.0427909114393187	D:0.337982616616268
S:SEL1L	D:-0.0230226643931242	D:0.0438239615844774	D:0.340419362043631
S:ZNF484	D:-0.0235914084264174	D:0.0438539648073075	D:0.340421100863859
S:PRUNE	D:-0.0219430180912979	D:0.0439383101555856	D:0.340738604179604
S:PIK3R4	D:-0.0267368186524452	D:0.0447784833467448	D:0.344192560314488
S:FZD3	D:-0.00979405113918878	D:0.0449183374529298	D:0.344192560314488
S:CLASP2	D:-0.0242453703004467	D:0.0450627974744235	D:0.344502414207928
S:MEX3B	D:-0.00606359164876102	D:0.0454595252827152	D:0.345715354397979
S:DDX47	D:-0.0309648905730179	D:0.0462665091792605	D:0.348058833205704
S:RPS28	D:-0.0494202318041257	D:0.0463125048402435	D:0.348293456656423
S:SUV420H1	D:-0.0186241553984525	D:0.0463746474543497	D:0.348293456656423
S:RRS1	D:-0.0402610269102106	D:0.0465451140757541	D:0.348742489200505
S:GTPBP8	D:-0.0288208763456577	D:0.0465770672875465	D:0.348742489200505
S:HSD17B6	D:-0.0109424835716387	D:0.0466266581731821	D:0.348887407403086
S:MSL2	D:-0.0300815529078577	D:0.047251167249314	D:0.351374989257852
S:MMACHC	D:-0.0199599703671803	D:0.0472612579603718	D:0.351374989257852
S:RBAK	D:-0.025156109334934	D:0.0477334867398712	D:0.35271605239228
S:LSM14A	D:-0.0194294934505204	D:0.0477395781476784	D:0.35271605239228
S:ZNF280B	D:-0.0139186662163738	D:0.0481473066201058	D:0.353357482192905
S:NID2	D:-0.00708885558484266	D:0.0484743802753403	D:0.354260265379615
S:L3MBTL3	D:-0.0262579795044727	D:0.0487087544053055	D:0.354580421349003
S:STXBP4	D:-0.00743444352201933	D:0.0490070107013116	D:0.355731196044731
S:CREBZF	D:-0.0626318028835511	D:0.0495401494496444	D:0.358052745587849
S:FBLN5	D:-0.071679061173257	D:0.0497229744325326	D:0.358943499227038
S:RAB3GAP2	D:-0.0210828026160793	D:0.0497710978863718	D:0.358943499227038
S:FCF1	D:-0.0323293628558221	D:0.0504680226152309	D:0.36107729074368
S:EFCAB7	D:-0.0180842492223088	D:0.050609678673403	D:0.361534715069024
S:CD19	D:-0.081839883599549	D:0.050656602841285	D:0.361777324795359
S:C2ORF40	D:-0.0236069181035885	D:0.0515076303874959	D:0.364407648815059
S:PEX1	D:-0.0337522560985865	D:0.0517174354019471	D:0.364822979220743
S:NAA35	D:-0.024170217700776	D:0.0517290264209202	D:0.364822979220743
S:FAM63B	D:-0.0218870416942822	D:0.0523662165145411	D:0.366361960186593
S:PVRL3	D:-0.0104551187675696	D:0.0524125045212915	D:0.366361960186593
S:SYNJ2	D:-0.0292310630474928	D:0.0524405600482064	D:0.366361960186593
S:KIDINS220	D:-0.0280882171597209	D:0.0529836907526693	D:0.367854430076368
S:ZNF134	D:-0.0323268704415531	D:0.0531787672742576	D:0.368384064190749
S:ZNF682	D:-0.0227384300115824	D:0.0533537556892708	D:0.36857901932701
S:DPF3	D:-0.00480752930989077	D:0.0543306928129325	D:0.371659224610036
S:ELF1	D:-0.028520331999238	D:0.0544605357609912	D:0.372273708814417
S:SNX25	D:-0.0356008144302719	D:0.0553693747281996	D:0.375331004520994
S:PLEKHA1	D:-0.034631817021878	D:0.0553784692446238	D:0.375331004520994
S:RRM1	D:-0.035035482691512	D:0.0555931864316384	D:0.376075484017531
S:TAS2R50	D:-0.00572757605478801	D:0.0556500089212612	D:0.376075484017531
S:SCN4A	D:-0.00237603619999315	D:0.0557911268630482	D:0.376728522588121
S:SIRT4	D:-0.0295926354926429	D:0.0561621414157909	D:0.377798353076578
S:GLCCI1	D:-0.035198297697364	D:0.0561822356822908	D:0.377842457323551
S:RASGRP1	D:-0.0438422993615423	D:0.056655188896389	D:0.37918201021814
S:PAG1	D:-0.0420968761077929	D:0.0566944642600831	D:0.37918201021814
S:MAT2B	D:-0.0248273231006052	D:0.056881485548208	D:0.37939638637109
S:PPIL1	D:-0.0410353820442656	D:0.0569464575294285	D:0.37939638637109
S:ZC3H7A	D:-0.0273560789919603	D:0.0572136296207694	D:0.380289229578375
S:LRRC8B	D:-0.0266891863733973	D:0.0580946663219299	D:0.383818658520812
S:ARID2	D:-0.0223917086920499	D:0.0583810987561295	D:0.384568436696619
S:MTMR6	D:-0.0277279518005164	D:0.058698023797997	D:0.38538269682477
S:TFB1M	D:-0.0308582210860792	D:0.0587475068338807	D:0.385433712627986
S:EPB41L5	D:-0.0171478758348334	D:0.0588073779878157	D:0.385556476307244
S:RAB23	D:-0.0214721401181911	D:0.0596039993274949	D:0.387855284683114
S:RECK	D:-0.0277804487824817	D:0.0596668867331703	D:0.387911206317909
S:AEBP2	D:-0.0236517259702268	D:0.0598125887752072	D:0.388496474916461
S:AP3M1	D:-0.0236755155315895	D:0.0601920142614156	D:0.38888802661192
S:CKAP2	D:-0.0293704913611806	D:0.0602212128633722	D:0.38888802661192
S:PRPF4B	D:-0.0369512569752936	D:0.0605891459481824	D:0.389910782433426
S:SRP72	D:-0.024831483725528	D:0.0608043593165294	D:0.390575297704105
S:TTF1	D:-0.0246175426327608	D:0.0611554429385632	D:0.39129949849044
S:PPIG	D:-0.0240904238470871	D:0.0614617656879468	D:0.391963555657255
S:TOMM70A	D:-0.0314754706643295	D:0.0617264496706382	D:0.392433988680527
S:CEP350	D:-0.0235584438596207	D:0.0620449655967215	D:0.393741471078785
S:PTER	D:-0.030549748564096	D:0.0629844876671797	D:0.395477401752753
S:SNAPC1	D:-0.0300757318897116	D:0.0635264925769573	D:0.396648265780923
S:NSL1	D:-0.0238182813289532	D:0.0639891264381283	D:0.398266864869419
S:SPOPL	D:-0.034063309418907	D:0.0639929432605275	D:0.398266864869419
S:FAM102A	D:-0.0912024088178132	D:0.0641113670218899	D:0.398696134933366
S:LMBR1	D:-0.0178171683936386	D:0.0648091691339905	D:0.401069603221657
S:MAP2K4	D:-0.0266408945980536	D:0.0649307801239896	D:0.401530555543359
S:TADA1	D:-0.032073672421781	D:0.0653064439220451	D:0.402540382037164
S:REV1	D:-0.0323904339080016	D:0.0653595043558605	D:0.402689573194716
S:RANBP2	D:-0.0244601214157245	D:0.0659852735947627	D:0.404340338448181
S:MMS22L	D:-0.00827754593102844	D:0.0663063085153474	D:0.404882162615895
S:LRRC1	D:-0.013017671243392	D:0.066324659529913	D:0.404882162615895
S:ACVR1C	D:-0.00792892872321726	D:0.0665618373277929	D:0.405620601930251
S:ANKIB1	D:-0.0296413313243108	D:0.0666529648451524	D:0.405897830662649
S:KIAA1429	D:-0.0204028577307089	D:0.0672717545616674	D:0.407427134514598
S:ZNF28	D:-0.0218116237146569	D:0.067278333784177	D:0.407427134514598
S:VPS41	D:-0.0185316150105725	D:0.067728688483505	D:0.40898046204557
S:ZNF541	D:-0.00274175311265971	D:0.0680483159350253	D:0.409669650074753
S:DAAM1	D:-0.0183880504171035	D:0.0683458475950974	D:0.410575248897798
S:AQP3	D:-0.0889114111555745	D:0.0687639324876171	D:0.410603073290963
S:SH3PXD2A	D:-0.0213361442226512	D:0.0687909555201981	D:0.410603073290963
S:ACTL6A	D:-0.0303530473270456	D:0.069503141126373	D:0.411960301970821
S:IRS1	D:-0.00833949360199875	D:0.0702639531621886	D:0.413117112440843
S:ECD	D:-0.0197448795252265	D:0.0705178903067978	D:0.413824031647413
S:KIT	D:-0.0250801809125195	D:0.0705513099048516	D:0.413824031647413
S:BHLHB9	D:-0.0145247784527709	D:0.0708069946923557	D:0.414209593347198
S:ZMYM5	D:-0.0268864604221773	D:0.070933345387412	D:0.414253515857152
S:ZHX1	D:-0.0233993623038211	D:0.0709633754612729	D:0.414262248300382
S:YIPF4	D:-0.0193379341485241	D:0.0710141976108935	D:0.414323172651627
S:ZNF236	D:-0.025874279979353	D:0.0711306082791968	D:0.41454484800008
S:TUG1	D:-0.037545445969125	D:0.0712674774241908	D:0.414892012694309
S:CNOT6L	D:-0.0277102802147118	D:0.0713129174006939	D:0.414892012694309
S:SLC33A1	D:-0.0261337630708714	D:0.0713536961996662	D:0.414892012694309
S:NUPL2	D:-0.0221645635657151	D:0.0720035683170655	D:0.41698554619241
S:SUSD3	D:-0.048257042187261	D:0.0720094957783047	D:0.41698554619241
S:DLG1	D:-0.0268320605335735	D:0.0729926219760121	D:0.419378773406039
S:SIRT5	D:-0.0249668283614928	D:0.0731556844355247	D:0.419772852096113
S:ZNF582	D:-0.0221523223249115	D:0.073646803067087	D:0.421571535766441
S:XPOT	D:-0.0245752958164737	D:0.0736655098506963	D:0.421571535766441
S:USP25	D:-0.0220492321428245	D:0.0739031180831504	D:0.422150635557293
S:C16ORF88	D:-0.0186349144687173	D:0.0748010293323711	D:0.424541540594679
S:BICD1	D:-0.0139833544090693	D:0.074849293494245	D:0.424602394598451
S:CENPN	D:-0.0163441684059835	D:0.0751053122893699	D:0.424884950394378
S:TOPORS	D:-0.0328869102623299	D:0.0752122033634485	D:0.425114237675389
S:RCHY1	D:-0.0178249189880245	D:0.0752136906356528	D:0.425114237675389
S:C10ORF68	D:-0.0107611761578449	D:0.0754372621724693	D:0.425944630218216
S:SCAI	D:-0.0101424952675548	D:0.0754826994288533	D:0.425944630218216
S:LRP12	D:-0.00852559356689605	D:0.0757027775390939	D:0.426673765319742
S:MON2	D:-0.0305778615249071	D:0.076047426760586	D:0.427673333961722
S:NOL8	D:-0.025376405218817	D:0.0767885924607966	D:0.428971216472947
S:C3ORF58	D:-0.0210747200111897	D:0.0771551013234701	D:0.429477239317521
S:DTX4	D:-0.0329458139731736	D:0.0773142955804418	D:0.429849001922337
S:SPRY2	D:-0.0179713467882858	D:0.0776081426232304	D:0.430267087326261
S:NCOA3	D:-0.0253531789678662	D:0.0777089654218744	D:0.430343499219668
S:ZNF566	D:-0.0240691660146772	D:0.0778349689738762	D:0.430343499219668
S:NOLC1	D:-0.0322035734381189	D:0.07851402993092	D:0.431873586001572
S:ATAD5	D:-0.0112875975793849	D:0.0789283078986441	D:0.433042868773571
S:KIAA1324L	D:-0.0295661603393013	D:0.0799715987578864	D:0.435829274826367
S:SCAMP1	D:-0.025014098897822	D:0.0801145782622751	D:0.43612207515118
S:UTP20	D:-0.0228813959880602	D:0.0809507900311845	D:0.438110635984169
S:ZNF124	D:-0.0195950336871497	D:0.0814086732342086	D:0.439310918400379
S:MSH6	D:-0.0239640835435379	D:0.0815164928208973	D:0.439341689484788
S:FAM169A	D:-0.0317443093033516	D:0.0816025097737562	D:0.439341689484788
S:KIAA1731	D:-0.026377500892542	D:0.0816162288901562	D:0.439341689484788
S:SEC23IP	D:-0.0214497957130988	D:0.0819435721984712	D:0.440022676058542
S:C6ORF211	D:-0.0303356830523142	D:0.0824004402656212	D:0.441250247086241
S:LRCH1	D:-0.0274644198815912	D:0.0825469714436499	D:0.441780627611173
S:TRAF3IP3	D:-0.0416242699048702	D:0.0828185477089018	D:0.44269869708174
S:FANCF	D:-0.0317863775602632	D:0.0830093189009181	D:0.443235142629543
S:SMC3	D:-0.0286156686959354	D:0.0832366904091709	D:0.443887193393348
S:NUFIP1	D:-0.018838789402155	D:0.0834360622315938	D:0.444250028330256
S:MTR	D:-0.0276773959101415	D:0.0838055195296801	D:0.445092521593149
S:GTPBP4	D:-0.0266588013611202	D:0.0840700674005144	D:0.445828535274246
S:RAB25	D:-0.0278037230320795	D:0.0841310279926849	D:0.445912732363793
S:EPHA4	D:-0.031098399629834	D:0.0842005229480361	D:0.445912732363793
S:PLA2G12A	D:-0.0223076899368192	D:0.0843853828610121	D:0.446144352273318
S:ATMIN	D:-0.0234906159118613	D:0.0852289816655883	D:0.447903892619109
S:CCL28	D:-0.0240502585548918	D:0.086456457707194	D:0.451204559472959
S:DCP1A	D:-0.0230202361619687	D:0.0870761699389164	D:0.452063970051182
S:ABCA5	D:-0.0342476299661006	D:0.0874805822998349	D:0.452983868643487
S:KLHL24	D:-0.0169389318648913	D:0.0876280467694087	D:0.453158937434537
S:COCH	D:-0.0206120892631031	D:0.0879577817812106	D:0.453687246260134
S:KDSR	D:-0.0297764761040635	D:0.0885206665045656	D:0.454944987092585
S:CEP192	D:-0.0312947056289197	D:0.0886503251482057	D:0.455072756094615
S:NFE2L2	D:-0.0145781519055096	D:0.0899823884866337	D:0.458431271608337
S:FRA10AC1	D:-0.0241153839134013	D:0.0901658326937586	D:0.458551091560277
S:MPHOSPH10	D:-0.0264348255405768	D:0.0915070534252234	D:0.461382164057428
S:TSPYL4	D:-0.0442868508686874	D:0.0922329059202274	D:0.462490191202578
S:TNFSF4	D:-0.0355752944732325	D:0.0922706600573002	D:0.462578481840432
S:FAM98A	D:-0.026468751812955	D:0.092992688693612	D:0.464345484109348
S:PDS5B	D:-0.0181324501364544	D:0.0931677117630974	D:0.464487616788373
S:ZCCHC14	D:-0.0214714332940096	D:0.0934825529513802	D:0.464831293937827
S:ATP10D	D:-0.0248252658990464	D:0.0938903222491671	D:0.465634134875753
S:SALL2	D:-0.0102737427920663	D:0.093978340697535	D:0.465680142433275
S:HNRNPR	D:-0.0222748546857855	D:0.0957809852809087	D:0.469688295166166
S:ZFP1	D:-0.0300377500497824	D:0.0979172840842652	D:0.473683457849318
S:ST6GAL1	D:-0.0508969707554438	D:0.0979216328653648	D:0.473683457849318
S:PPHLN1	D:-0.0227826809142192	D:0.0980432941622351	D:0.473683457849318
S:RCBTB1	D:-0.0313082726284803	D:0.0980798943630996	D:0.473683457849318
S:KIAA1715	D:-0.0181129076799515	D:0.0991482966470796	D:0.47530555812779
S:RB1	D:-0.0212976389222233	D:0.0992026068535754	D:0.475320988374813
S:MTMR2	D:-0.0228037773203758	D:0.0993268290601286	D:0.475671207801679
S:ERLIN2	D:-0.0164017354044545	D:0.0994592399320103	D:0.475888090297789
S:PARG	D:-0.018445172596687	D:0.0996633596471738	D:0.476324129784616
S:EXOC8	D:-0.0204506714268462	D:0.099842658636464	D:0.476587754839013
S:EIF3M	D:-0.0276364371317598	D:0.100253397626229	D:0.477161038156217
S:C12ORF65	D:-0.0307909347345406	D:0.100505697184527	D:0.477693161933153
S:LRIG2	D:-0.0221231648039796	D:0.100870676524046	D:0.477942771805823
S:GNE	D:-0.0260710092353508	D:0.101089490210733	D:0.477961658780543
S:TRAF3IP2	D:-0.0302696808837166	D:0.101108645211682	D:0.477971254718502
S:FBXO33	D:-0.0208212965354237	D:0.101237788923287	D:0.478176796217456
S:CXCR4	D:-0.0292336116684731	D:0.101975503429643	D:0.479470401064914
S:TDP1	D:-0.026190120946286	D:0.102641730115943	D:0.480740172434298
S:HECTD1	D:-0.024132493772435	D:0.102950898689187	D:0.48145648374942
S:PSD3	D:-0.00286443518965779	D:0.103513838550753	D:0.482799902748279
S:FASTKD5	D:-0.0228322925638545	D:0.103728661560681	D:0.482923151508545
S:KIAA2018	D:-0.0144464277729457	D:0.103733857292726	D:0.482923151508545
S:SLC25A32	D:-0.0248763886994696	D:0.103864964039484	D:0.483114426007439
S:PIK3C3	D:-0.0137927776572882	D:0.104545505324845	D:0.484373348873908
S:LMAN1	D:-0.0325689999154086	D:0.104621392445493	D:0.484644491809747
S:DCLRE1A	D:-0.0238365715241219	D:0.104843251453068	D:0.48470297558291
S:TMEM204	D:-0.05959438212728	D:0.105710089707913	D:0.486698878876256
S:METTL8	D:-0.019463675986492	D:0.10590128982539	D:0.487071147681517
S:POU2AF1	D:-0.0360079820042667	D:0.106758135994014	D:0.488622429582312
S:TYW5	D:-0.01308864971917	D:0.106916310909442	D:0.488741331498621
S:LONRF1	D:-0.0249200685679524	D:0.107352451515085	D:0.489125588393487
S:NUP133	D:-0.0215175879607022	D:0.107590202863804	D:0.489381121565966
S:PDP1	D:-0.0225983127090239	D:0.107762675086774	D:0.489533482058339
S:ZNF599	D:-0.0140538375958291	D:0.108319032361724	D:0.49086626441336
S:URB2	D:-0.0227968311241942	D:0.108414086529162	D:0.49086626441336
S:SMN1	D:-0.0307150527205967	D:0.108991971651596	D:0.491661087837073
S:IARS	D:-0.0294265772197366	D:0.109408106577643	D:0.492354120377624
S:TOP2B	D:-0.0248240779555704	D:0.110418510519381	D:0.494509086745174
S:VRK1	D:-0.0273357435632273	D:0.111259264404101	D:0.495333557109341
S:DNMT3A	D:-0.0284335678016159	D:0.11147908400461	D:0.495724664522148
S:MREG	D:-0.0211542785427985	D:0.11169670901938	D:0.496044537747908
S:ZFC3H1	D:-0.0432340777041749	D:0.111698640292736	D:0.496044537747908
S:ESYT2	D:-0.0282376910143831	D:0.11203578604046	D:0.496234521321914
S:KIF3A	D:-0.0169900053247556	D:0.113949655128319	D:0.499927759040823
S:TRIM37	D:-0.0244264441403774	D:0.114050709652934	D:0.50008598658139
S:KIAA0947	D:-0.0267546470706419	D:0.11424661186347	D:0.50052399685683
S:PRKCA	D:-0.0136740787229338	D:0.114254331206552	D:0.50052399685683
S:TCTN3	D:-0.0299580003453138	D:0.114718180128086	D:0.501611218451338
S:PCM1	D:-0.023286712161516	D:0.115336915375654	D:0.502350621069263
S:ASB3	D:-0.0180035805034339	D:0.115643314419964	D:0.502663900554615
S:FOXJ3	D:-0.0211758713286317	D:0.117766368432881	D:0.506918467452455
S:GTF3C4	D:-0.0175631868940762	D:0.118262840197686	D:0.508271615324518
S:SCML4	D:-0.0316462665895444	D:0.119217970420917	D:0.510584446205548
S:ADAL	D:-0.0169306075948705	D:0.119306545810141	D:0.510790871845535
S:RPL19P12	D:-0.0328391722964247	D:0.119723581940186	D:0.511234289156828
S:TTC27	D:-0.0261444227707015	D:0.120310023500878	D:0.512492789363476
S:PGBD4	D:-0.019190521012236	D:0.120546968363239	D:0.512954091632564
S:ZYG11B	D:-0.0226684422446561	D:0.120719578325933	D:0.513138333014604
S:MBNL2	D:-0.0226196337458705	D:0.120766936151019	D:0.513138333014604
S:DIEXF	D:-0.0269410787858845	D:0.121057782416645	D:0.513561743007839
S:C10ORF137	D:-0.0243521742870278	D:0.122011811643075	D:0.51505681388878
S:ERO1LB	D:-0.0230947065010282	D:0.1220545202738	D:0.51512802976588
S:KNTC1	D:-0.0177172741981074	D:0.123712748860259	D:0.517660603516473
S:WDR67	D:-0.0253064961006989	D:0.124376730790991	D:0.518706264642629
S:TGFB2	D:-0.0029458347499586	D:0.124678409407751	D:0.519524396322831
S:CLINT1	D:-0.0280669958331456	D:0.12472274610708	D:0.519554006544566
S:DTX1	D:-0.0297160448361309	D:0.124830337574868	D:0.519769464674709
S:FARSB	D:-0.0309151176986715	D:0.124890041030419	D:0.519878798206928
S:PPM1K	D:-0.0287520974002466	D:0.125969158644968	D:0.521322541189362
S:FAM176A	D:-0.0022870422439233	D:0.126562030206509	D:0.522381878595632
S:DQX1	D:-0.00333786993571847	D:0.12772860906847	D:0.523977109315676
S:PHKB	D:-0.0138623507054276	D:0.128165252999932	D:0.524466220551863
S:SOX12	D:-0.0213144078594897	D:0.1282453313258	D:0.524597273531157
S:CPNE5	D:-0.039616581369568	D:0.128518533536325	D:0.525105436956871
S:RAB14	D:-0.0162140488735281	D:0.130047260522374	D:0.528175064199571
S:CCT4	D:-0.0247928702634418	D:0.13044580194075	D:0.529023878547852
S:NBR1	D:-0.013767519382823	D:0.131188302458532	D:0.530032646441462
S:API5	D:-0.0242830360885966	D:0.131756362520855	D:0.531174357642218
S:DCAF16	D:-0.0323949717807893	D:0.132338150837592	D:0.531653650187686
S:SRSF3	D:-0.0201064764137396	D:0.132753442245338	D:0.53250195071391
S:COQ3	D:-0.022679700691862	D:0.132815616364974	D:0.532665575974995
S:PRIM1	D:-0.0290448757322988	D:0.133723706414437	D:0.533908083536495
S:OR3A1	D:-0.00412001577181555	D:0.136147319579215	D:0.538683256231342
S:LIPT1	D:-0.0223210720285575	D:0.136948822229487	D:0.53984718472575
S:DNAJC21	D:-0.0172418293741772	D:0.137350390231697	D:0.540150682170871
S:RPL19	D:-0.0333758994003189	D:0.138298740388353	D:0.541438889639351
S:CSTF3	D:-0.0201498987551446	D:0.139626711336697	D:0.542820768382393
S:TCERG1	D:-0.0369524250506141	D:0.139630316032635	D:0.542820768382393
S:SEMA5B	D:-0.00114281684847417	D:0.13973960951443	D:0.542820768382393
S:TRIM59	D:-0.0159864623893951	D:0.139975961625398	D:0.542971956712891
S:DGKH	D:-0.00332645469057765	D:0.140405159970452	D:0.543811825530851
S:TYW1	D:-0.0260804049514684	D:0.141660192679431	D:0.545719251578043
S:SLC39A8	D:-0.0229106332742894	D:0.141999580421014	D:0.546272679469402
S:METTL14	D:-0.0254157527881798	D:0.1423053868115	D:0.547019915073069
S:VPS13A	D:-0.0253183738379496	D:0.142796520698561	D:0.547252590251926
S:CCDC85C	D:-0.00650520356292405	D:0.144401946315806	D:0.549685892132533
S:AASS	D:-0.00909459936580614	D:0.144922693714662	D:0.550437310968307
S:RPLP2	D:-0.0335447422461807	D:0.145543116246363	D:0.5506663485241
S:SPTY2D1	D:-0.0145799275946814	D:0.145706592040505	D:0.5506663485241
S:TMEM87A	D:-0.0182293081409409	D:0.146223313948296	D:0.551201065950425
S:PRMT10	D:-0.0170074331917086	D:0.146353012623495	D:0.551540991401801
S:MAPRE1	D:-0.0193994536037891	D:0.146447310442039	D:0.551672888977908
S:ARFGEF1	D:-0.0157820679300756	D:0.14724111319532	D:0.553003246554023
S:HAUS3	D:-0.0167940367073144	D:0.147443566359317	D:0.553111550683944
S:USP14	D:-0.0217004904462978	D:0.147482902666377	D:0.553184761916218
S:NIPBL	D:-0.0172478608165851	D:0.147780830454364	D:0.553962984974736
S:DNAJC27	D:-0.0186429598677869	D:0.14804246663449	D:0.554315165517657
S:TNKS	D:-0.0198569472768056	D:0.148602528565436	D:0.554923276995094
S:ADSS	D:-0.0191017533128702	D:0.14892469919264	D:0.555457484226458
S:EPB41L2	D:-0.0199182671438496	D:0.14979454832885	D:0.556841481600718
S:CENPL	D:-0.0148017904829302	D:0.150098858054844	D:0.557274761539746
S:C20ORF94	D:-0.0120221957727952	D:0.150104796055416	D:0.557274761539746
S:DDX20	D:-0.0216634395019439	D:0.150483550628433	D:0.558064828333718
S:LRBA	D:-0.0235480937479234	D:0.151579017511405	D:0.559036297652269
S:DLAT	D:-0.0227441854218621	D:0.152950398084939	D:0.561206805593263
S:ANGPT1	D:-0.0294439625435964	D:0.152981397280929	D:0.561213301539266
S:TRIM52	D:-0.0304975161870361	D:0.153067760261107	D:0.56133024101278
S:CHMP2B	D:-0.0172206542143481	D:0.153553328079048	D:0.561920945154916
S:WAPAL	D:-0.0185244613725662	D:0.153669846932053	D:0.561920945154916
S:SRSF11	D:-0.0400314368082151	D:0.153986680723503	D:0.561920945154916
S:DCAF13	D:-0.0234529569969929	D:0.155205522064175	D:0.564622799897176
S:RCL1	D:-0.0233827658126393	D:0.156128167459233	D:0.566025657373721
S:ZMYM6	D:-0.0175398373611383	D:0.157335330816944	D:0.567708995876005
S:MYO9A	D:-0.0153766460824113	D:0.157439988698168	D:0.567779153971966
S:CD38	D:-0.03970770542702	D:0.157775618243971	D:0.568195807121192
S:NIN	D:-0.0199550904257412	D:0.15804902796174	D:0.568434944768825
S:PRPF38A	D:-0.0211765693936413	D:0.15879631065483	D:0.569663527871418
S:ARL6IP6	D:-0.0232362126165988	D:0.158931931559374	D:0.569791193630494
S:SNRNP48	D:-0.0188668757197444	D:0.15910889592918	D:0.569791193630494
S:GPATCH4	D:-0.029920129606329	D:0.159950661102585	D:0.570177807107508
S:POLR3B	D:-0.0158087898069396	D:0.160157412332131	D:0.570249959531261
S:YIPF5	D:-0.0246277915071909	D:0.160751619856348	D:0.571211705867979
S:RBBP6	D:-0.027975685904914	D:0.162668434795475	D:0.574329666684593
S:HECA	D:-0.014926316973767	D:0.163203192675057	D:0.575489716684884
S:RNF145	D:-0.022986327710703	D:0.164520600964053	D:0.57747340267992
S:PRKAB2	D:-0.0346371984233904	D:0.164801403589777	D:0.577641901002544
S:AHCTF1	D:-0.0211703074299596	D:0.165807518457236	D:0.578715604701813
S:NUP153	D:-0.0274341741266915	D:0.166612269969189	D:0.579746721710518
S:ATR	D:-0.0203255773214999	D:0.166806421588525	D:0.580132987730311
S:SF3B1	D:-0.0332543256779964	D:0.167548835821477	D:0.581483214098163
S:NHS	D:-0.0237513715513242	D:0.167949397469196	D:0.582335864543345
S:ZNF426	D:-0.0164211505956085	D:0.168017055511007	D:0.582456343225959
S:UQCC	D:-0.0249463321179883	D:0.168419190924938	D:0.583270829968361
S:LINS	D:-0.028540473859218	D:0.169251964368177	D:0.584703840266842
S:ALMS1	D:-0.016127955284858	D:0.169476268167251	D:0.584768366686568
S:VN1R1	D:-0.0112369826352348	D:0.170121095978049	D:0.585377511599254
S:VEGFC	D:-0.00546457792129652	D:0.170732743926009	D:0.586101569855336
S:PURA	D:-0.0193743442053146	D:0.171519926796188	D:0.586898701387416
S:PARP8	D:-0.0226048171241571	D:0.17188617775269	D:0.587364567531026
S:DFNA5	D:-0.00821255636176982	D:0.172263622298414	D:0.588191546164514
S:CCRL1	D:-0.0057193710461133	D:0.172595623823499	D:0.588605066094069
S:TMEM170A	D:-0.0205767596214885	D:0.174428386044225	D:0.591602412746911
S:GOLGA4	D:-0.01887708513957	D:0.17626961046271	D:0.594308387051733
S:CSPP1	D:-0.0149645325254492	D:0.176674142618648	D:0.595126909619432
S:B3GNT3	D:-0.00449059827695643	D:0.178546438485227	D:0.597868158143092
S:TMIE	D:-0.012696525286048	D:0.17876418246189	D:0.598019989150604
S:BUB3	D:-0.0238951175186061	D:0.179087012485678	D:0.598166031996781
S:TAF1B	D:-0.0182543721480948	D:0.181299190826961	D:0.601314369100472
S:PLXDC1	D:-0.0311537733714226	D:0.182311023026274	D:0.602804104564475
S:SPIN3	D:-0.0263797621723358	D:0.182978739816619	D:0.603960472281397
S:RPL18	D:-0.0295873735462083	D:0.183147092934809	D:0.604114333383611
S:USP47	D:-0.0222155611658476	D:0.184332884692323	D:0.605618694733694
S:ERCC6	D:-0.0168615838814351	D:0.184377220038046	D:0.605693056881104
S:DNAJC28	D:-0.00668399532010994	D:0.185848320933618	D:0.607534975244999
S:ATAD2	D:-0.0185460542981526	D:0.186375135527375	D:0.608030659742301
S:TNFRSF25	D:-0.0586194733473558	D:0.186408758372888	D:0.608030659742301
S:SMYD2	D:-0.0187277379245652	D:0.186468842996971	D:0.608030659742301
S:CXCR5	D:-0.0133465581017393	D:0.186863183165485	D:0.608349486633347
S:PAN3	D:-0.0245027657168098	D:0.187263443208168	D:0.608457045695688
S:MGA	D:-0.0217845441795808	D:0.188289049051584	D:0.609999693445121
S:EHBP1	D:-0.0139608747336462	D:0.189695366959462	D:0.611202851373783
S:WDFY1	D:-0.0191851045935466	D:0.191398578447535	D:0.613521801363353
S:LDB2	D:-0.00753966188645022	D:0.192699179005486	D:0.615781324254995
S:SBNO1	D:-0.0141081198246642	D:0.192851234626217	D:0.615844160002028
S:USP8	D:-0.0135802959362858	D:0.193428475528266	D:0.61704715806779
S:TOB1	D:-0.0246545970172201	D:0.193445978826436	D:0.61704715806779
S:ATG2B	D:-0.024366693935596	D:0.194280257445705	D:0.617870896761005
S:NR2C1	D:-0.0281445441025556	D:0.194462189394791	D:0.61813467761806
S:SFMBT1	D:-0.025653497139805	D:0.19448743910628	D:0.61813467761806
S:SH3BGR	D:-0.0152762420184175	D:0.196083694528858	D:0.62055080078163
S:MRPL19	D:-0.018621570967339	D:0.196192771984848	D:0.62055080078163
S:STMN4	D:-0.00116181490695498	D:0.196740819252268	D:0.621228223252722
S:SOAT1	D:-0.0125238026415618	D:0.198387435584719	D:0.624175785090929
S:DPP8	D:-0.0128452183340152	D:0.199068867763179	D:0.624414995812041
S:SRPRB	D:-0.0246242270002505	D:0.19911004970216	D:0.624470332305572
S:CXCR7	D:-0.0248895998354277	D:0.201079237711866	D:0.627122753887381
S:INPP4B	D:-0.0305375532305222	D:0.201273634810292	D:0.627448581208004
S:KBTBD4	D:-0.0156356539031145	D:0.201691180165538	D:0.627803855548211
S:NPY6R	D:-0.00271803469153747	D:0.202999923599754	D:0.629795741554955
S:CRNKL1	D:-0.017838950359875	D:0.203429536645965	D:0.630437304884397
S:ESCO2	D:-0.00404052189885663	D:0.206710697755404	D:0.634082191135672
S:MIS18BP1	D:-0.0178217004474764	D:0.206921938875281	D:0.634082191135672
S:TRMT61B	D:-0.0231354930819235	D:0.207403629941465	D:0.634510063758225
S:COX18	D:-0.0162761209625629	D:0.207853490634157	D:0.635292357758068
S:IKBKAP	D:-0.0251088735663984	D:0.208607536882865	D:0.636727510323792
S:UBE2Q2	D:-0.0212547804439373	D:0.210776285925847	D:0.638771181320723
S:EIF3A	D:-0.0244414051352326	D:0.212611399791951	D:0.640611483125699
S:RNF170	D:-0.0141943717718565	D:0.214803328410095	D:0.643458306602732
S:RGMB	D:-0.0224604066516747	D:0.215232056682779	D:0.6439296716754
S:SAMD12	D:-0.0119641214960817	D:0.215455789001699	D:0.644174726410007
S:CBFB	D:-0.0148660530420343	D:0.21603040545195	D:0.64467938093274
S:LMBRD1	D:-0.0207090932513654	D:0.217137785093293	D:0.64561594355832
S:IDE	D:-0.0124392978621358	D:0.217681303089675	D:0.645778610675259
S:ATP10A	D:-0.0290817981045045	D:0.217785341339346	D:0.645881533453643
S:ZCCHC11	D:-0.0231922250388568	D:0.220673434182349	D:0.648793379124551
S:PIK3C2B	D:-0.0160731361253643	D:0.221530047947946	D:0.649532896126398
S:ACVR1	D:-0.0151140399314102	D:0.221613556084989	D:0.649575942730111
S:KDM4C	D:-0.0217939375571819	D:0.221791981417035	D:0.649675680800892
S:PWP1	D:-0.0229021267456137	D:0.221834798926281	D:0.649675680800892
S:SNX10	D:-0.0264821500537301	D:0.223733094304241	D:0.652223800086835
S:LPAR1	D:-0.0322167214241494	D:0.22473652170236	D:0.653034494608314
S:CCT5	D:-0.0163266241871464	D:0.224935175885009	D:0.653207403567528
S:NT5DC1	D:-0.0178799456238436	D:0.225037499893654	D:0.653278561763279
S:C4ORF46	D:-0.0121020793014467	D:0.22517949348098	D:0.653526588771797
S:ADAM11	D:-0.0018819364666083	D:0.225230716310029	D:0.653526588771797
S:TCTN1	D:-0.0127116506035415	D:0.22585212846305	D:0.654144244313449
S:SENP2	D:-0.011694890203526	D:0.227152243868366	D:0.655686069905408
S:DHX36	D:-0.0150606071404276	D:0.227388743391865	D:0.655757370124711
S:STAG3L4	D:-0.0191612209779149	D:0.227646200324261	D:0.655821824464439
S:GIMAP6	D:-0.0223923358466814	D:0.228014747241014	D:0.65594519088077
S:NDFIP2	D:-0.0188689484467299	D:0.228279347280908	D:0.656259668978293
S:C10ORF2	D:-0.0263024360569817	D:0.228850398708962	D:0.656969701614668
S:LIMA1	D:-0.020849210744503	D:0.229419376924825	D:0.657469433203806
S:DDX46	D:-0.0158258661368669	D:0.229519915180237	D:0.657619378962955
S:YME1L1	D:-0.0159301565965416	D:0.230327152225778	D:0.658515756875791
S:BRMS1L	D:-0.0118052126625952	D:0.230476354461524	D:0.658605001845103
S:SEPSECS	D:-0.017677552444995	D:0.230549786216268	D:0.658679960415196
S:SMC4	D:-0.0225149972363541	D:0.231196021778673	D:0.659715874434389
S:MKRN3	D:-0.0050702371544571	D:0.231564775800158	D:0.660160663185128
S:OCIAD1	D:-0.0157109812041696	D:0.233067322822611	D:0.662346907644749
S:IRF2BP2	D:-0.0150904766522824	D:0.233582457654176	D:0.662605790825199
S:NUCKS1	D:-0.023257046755885	D:0.233697801688644	D:0.662605790825199
S:DENND1B	D:-0.0137938730165249	D:0.234705535403382	D:0.663892925216215
S:TNNT3	D:-0.0208908850679769	D:0.235385123423538	D:0.664392394093547
S:GEMIN5	D:-0.0199997080835245	D:0.236104953148365	D:0.66498275098636
S:CCDC47	D:-0.0137716038552163	D:0.236742586057731	D:0.665642051700874
S:SPP2	D:-0.008847447780645	D:0.236928334377534	D:0.66592848061198
S:CTR9	D:-0.0139425821483933	D:0.237000966214114	D:0.665931437333728
S:ANK3	D:-0.00811566849106245	D:0.238199270599697	D:0.666473921701389
S:ZBTB20	D:-0.00237564870149679	D:0.239035934131438	D:0.667234615125997
S:GEMIN4	D:-0.0323666923843759	D:0.239582848774925	D:0.667807581075417
S:KIF27	D:-0.0190368346430063	D:0.239637002645438	D:0.667825136678401
S:TXLNB	D:-0.00943261968951321	D:0.240527708714278	D:0.669238196612052
S:MACROD2	D:-0.0168080103048791	D:0.241067057634407	D:0.66973736597415
S:SCAF11	D:-0.0204716780326179	D:0.241605959063514	D:0.670284902161573
S:PGBD3	D:-0.00116957395574818	D:0.241625054798693	D:0.670284902161573
S:WDR82	D:-0.0154603165914678	D:0.242079952938918	D:0.670948509088899
S:MSH3	D:-0.014698598224359	D:0.242696095538839	D:0.67130482764216
S:HNRNPA2B1	D:-0.0217840827981737	D:0.243592699273479	D:0.672628365086516
S:CCNL1	D:-0.041393049592218	D:0.244201813181026	D:0.672854618622931
S:TMEM55A	D:-0.0214677558346517	D:0.244322321611486	D:0.672854618622931
S:NDUFS1	D:-0.0121338384256079	D:0.245439231072953	D:0.674207870958061
S:FBXO21	D:-0.0179059336760741	D:0.24737454308961	D:0.676388215213523
S:PHLPP2	D:-0.00980611506654616	D:0.248052043793706	D:0.676880381529363
S:RTKN2	D:-0.0220607830571283	D:0.2500711549483	D:0.67867473360975
S:PABPC1	D:-0.017199001206702	D:0.251421232224615	D:0.679431312101957
S:FANCD2	D:-0.0164805846151261	D:0.251623841804549	D:0.679750301546568
S:PHF17	D:-0.017035865453	D:0.252717162247015	D:0.680744434724533
S:ALDH18A1	D:-0.022836782614536	D:0.255321984203814	D:0.682956809960999
S:MFAP1	D:-0.0144175958143111	D:0.256596099801495	D:0.684407966566788
S:KIAA0355	D:-0.0179524460772006	D:0.257214765950904	D:0.685071487516912
S:PCP4L1	D:-0.00507766605920019	D:0.258212184333659	D:0.685960600109692
S:CRYGN	D:-0.00272385800301178	D:0.25863886564938	D:0.686506014291413
S:MDFIC	D:-0.0234394204688801	D:0.258909065978419	D:0.686712071778589
S:SLBP	D:-0.0125977102901584	D:0.259533149094094	D:0.687639030632223
S:USP34	D:-0.0186190908005333	D:0.260450668083896	D:0.68849954027482
S:THEM4	D:-0.0283591473038928	D:0.261081092810337	D:0.688926283477026
S:ZNF773	D:-0.0204614984317934	D:0.261151326760083	D:0.68895113056762
S:TTC9	D:-0.035268711488734	D:0.261916011104881	D:0.689890134950664
S:SSPN	D:-0.00541828950168782	D:0.262525056304507	D:0.690492332055453
S:ARL10	D:-0.0106992214079872	D:0.263752802756685	D:0.69137931163058
S:GLMN	D:-0.017936736832706	D:0.264573932856037	D:0.69218735687436
S:UBASH3A	D:-0.0384033553250456	D:0.26527149021026	D:0.692909956549063
S:SYDE2	D:-0.00286387514768016	D:0.265845628143094	D:0.69327164486286
S:HSP90AB3P	D:-0.0320744868570614	D:0.266070430795499	D:0.693418001962698
S:ITCH	D:-0.0120123872779081	D:0.266634813595766	D:0.693710559622689
S:RBM17	D:-0.0181561419659634	D:0.26739469874112	D:0.694748281685409
S:HOXB2	D:-0.0100349953892949	D:0.26750361132982	D:0.694861470275884
S:TCP1	D:-0.0164051041483245	D:0.267617033492012	D:0.695052224845754
S:MET	D:-0.00183758530954843	D:0.267636197076937	D:0.695052224845754
S:LRMP	D:-0.0166099688732988	D:0.268302831697562	D:0.695269500164685
S:GLS2	D:-0.0123515656674208	D:0.268984359924733	D:0.695963056039613
S:CDYL	D:-0.0187930377377417	D:0.270763439172979	D:0.697768356971976
S:RBM26-AS1	D:-0.0171757212087907	D:0.271164851501532	D:0.698306706418755
S:HTR2B	D:-0.00522171559028512	D:0.272417819033368	D:0.699560337670405
S:ZNF554	D:-0.0151748401177393	D:0.27319996804086	D:0.700110710522076
S:C15ORF44	D:-0.0158162558139312	D:0.27499972901563	D:0.701576091117573
S:SETX	D:-0.0136714311372587	D:0.276517616910977	D:0.702942589305526
S:RPA1	D:-0.0186077272324917	D:0.276938113183285	D:0.703375434854113
S:RPGRIP1	D:-0.0262789213056269	D:0.278736548017896	D:0.704668211519879
S:DOK7	D:-0.00763012448675677	D:0.281186332238894	D:0.706827932341486
S:MED31	D:-0.016193776841922	D:0.283793019872745	D:0.709001432206298
S:AKAP1	D:-0.0262162042122315	D:0.284061791822321	D:0.709001432206298
S:IARS2	D:-0.0166423807993271	D:0.284098537564248	D:0.709001432206298
S:PSMD5	D:-0.0168800386303144	D:0.285466991052617	D:0.710168795817678
S:METAP1	D:-0.017823498457468	D:0.288322309786135	D:0.712094329206004
S:RRAGC	D:-0.0113826866146253	D:0.289051014406437	D:0.7125545056804
S:PAXIP1	D:-0.0108823679270699	D:0.290353388732646	D:0.713083606749985
S:ZMYND8	D:-0.016505825341625	D:0.294012971514816	D:0.715797455947183
S:FAM189A1	D:-0.000604293755974009	D:0.296423077275874	D:0.718219297401653
S:CEP95	D:-0.023008680991285	D:0.296791424564498	D:0.718601414884945
S:BRD7	D:-0.0172261758908976	D:0.301502766888092	D:0.722583871531634
S:SMARCE1	D:-0.0143016458366661	D:0.303386539267647	D:0.72362782354608
S:CDK18	D:-0.00517919991887952	D:0.303656257458816	D:0.723752683342873
S:ANKS6	D:-0.0113841677205513	D:0.304931258915334	D:0.724926016722912
S:SLAMF1	D:-0.026683297151531	D:0.30632146881992	D:0.726560057343754
S:SRPK2	D:-0.0136015496944702	D:0.307279491020583	D:0.727700890212444
S:POLE3	D:-0.0175802697240123	D:0.310007878987293	D:0.730461789998762
S:GRIP1	D:-0.0053326738816759	D:0.310248189689598	D:0.730536428287985
S:RRP1B	D:-0.024573907038317	D:0.313072670510256	D:0.732723287644165
S:EXTL2	D:-0.0133040228802542	D:0.314109657637611	D:0.733760429217727
S:PLA2G1B	D:-0.00421172009737003	D:0.314219208881045	D:0.733760429217727
S:ZNF286A	D:-0.0112584757796642	D:0.314536938203873	D:0.733760429217727
S:GDAP1	D:-0.0103075401201032	D:0.316157918997474	D:0.7344946692129
S:MCM9	D:-0.0112402820780542	D:0.317835478435765	D:0.735920707079991
S:ANKRD55	D:-0.0269858650651411	D:0.318816914501014	D:0.736674108777141
S:IGSF22	D:-0.00419317492102488	D:0.321414877206013	D:0.739484726965611
S:SNIP1	D:-0.013817955575965	D:0.321587043276139	D:0.739515067795751
S:KIF16B	D:-0.0180808091275869	D:0.321870510452923	D:0.739543117636413
S:DFNB59	D:-0.00990666446175315	D:0.321961858730401	D:0.739543117636413
S:MED1	D:-0.0170412936216397	D:0.3252310659741	D:0.741610411407524
S:TERF1	D:-0.0110670937688419	D:0.326001252389873	D:0.742262788592714
S:SLC25A16	D:-0.0100474609216017	D:0.326406737710744	D:0.742704390144046
S:HPDL	D:-0.00568740149184247	D:0.326764062601274	D:0.742851265553601
S:PRNP	D:-0.0144361041277694	D:0.32819000226614	D:0.744032407054502
S:ZW10	D:-0.0113803701168867	D:0.329479241532778	D:0.744509064912156
S:STK17B	D:-0.0129079403812549	D:0.329805880219542	D:0.744912366830738
S:SEMA3C	D:-0.0120670589459818	D:0.330166951953933	D:0.745391226403659
S:TARSL2	D:-0.015106493889972	D:0.33295065402846	D:0.747361830658009
S:POP1	D:-0.0110963020146152	D:0.335094352457085	D:0.749483213905695
S:NETO1	D:-0.00615434843170719	D:0.336448319120542	D:0.751693410438742
S:LBR	D:-0.01652612600788	D:0.338927294040997	D:0.753887883886768
S:ZNF618	D:-0.00308712337548033	D:0.339684815750896	D:0.754832390281085
S:CDK7	D:-0.0128566433264142	D:0.341334297057278	D:0.756222781513212
S:CCDC146	D:-0.0213624249894996	D:0.341334748883908	D:0.756222781513212
S:MRPS18B	D:-0.0168161791644928	D:0.3422258653195	D:0.756944643842797
S:ZNF385D	D:-0.00428147496989099	D:0.343138586710409	D:0.757673888851861
S:ZC3H13	D:-0.0149198532935663	D:0.344098554812677	D:0.758134384086804
S:CCNB1	D:-0.0174607397358598	D:0.344902499549857	D:0.758915210831413
S:UBXN2A	D:-0.0091475162613662	D:0.345704231367285	D:0.759732684839444
S:ADAT2	D:-0.0209522602603901	D:0.346627576622112	D:0.760422632461162
S:NUP205	D:-0.0177690903615122	D:0.347086610324366	D:0.760775097131171
S:CANX	D:-0.0116181063279726	D:0.347106762950492	D:0.760775097131171
S:PARVA	D:-0.00208965110587731	D:0.347494015059954	D:0.761089065394594
S:RORA	D:-0.0221761658334997	D:0.347976172269122	D:0.761658696936105
S:KLHDC9	D:-0.00520149535936276	D:0.348097327506981	D:0.761658696936105
S:WDR60	D:-0.0126657045792513	D:0.348138568777694	D:0.761658696936105
S:EID2B	D:-0.0138077322634942	D:0.348336616397364	D:0.761666603805648
S:C5ORF34	D:-0.00972389350300023	D:0.350003496573839	D:0.762925754882809
S:EXOC1	D:-0.0114420517324114	D:0.350128775188403	D:0.762925754882809
S:ZFAND6	D:-0.0109535692880709	D:0.350258843320387	D:0.762925754882809
S:CEP72	D:-0.00799275943306578	D:0.351816523320423	D:0.763294693521991
S:CSTF1	D:-0.0109189564395653	D:0.35372412195805	D:0.76412076190783
S:BCAR3	D:-0.00454286359136314	D:0.354684549795379	D:0.76451481623575
S:TARS	D:-0.0133191285232897	D:0.355276799943276	D:0.764988079495204
S:PRORSD1P	D:-0.0130990674131393	D:0.356137129559144	D:0.765310258404403
S:PTPRM	D:-0.0202789468539047	D:0.359322958998896	D:0.767581504613275
S:SLC35F2	D:-0.0142965781124298	D:0.359416034766022	D:0.767623318818463
S:ASCC3	D:-0.011067131752615	D:0.359572275996175	D:0.767757293856769
S:EIF3H	D:-0.0159486323584024	D:0.362030146333947	D:0.768735650044161
S:GPLD1	D:-0.00183571756183654	D:0.362161081069437	D:0.768798377639388
S:KIAA2026	D:-0.0138616244901566	D:0.36256940176206	D:0.769061559749134
S:TRMT112	D:-0.0142834794062344	D:0.363151488871657	D:0.769397054595465
S:HSD17B12	D:-0.0256969415660093	D:0.365118870155599	D:0.770905514973618
S:ASB8	D:-0.010401361008071	D:0.365319198974476	D:0.771026833286269
S:PFAS	D:-0.0154301381927873	D:0.367056068103715	D:0.772651282365302
S:CEP152	D:-0.00833514545691204	D:0.367544984291789	D:0.772942086900734
S:PDE4B	D:-0.0145918088656592	D:0.368155650504319	D:0.77377953110347
S:LUC7L2	D:-0.0203940505504988	D:0.371627255629814	D:0.77676302738172
S:FZD6	D:-0.0175142183810321	D:0.371950175156782	D:0.777094185308647
S:ANKUB1	D:-0.00411736238048218	D:0.372029584846915	D:0.777196535409984
S:ATP6V0A2	D:-0.0110539508186736	D:0.374096284575483	D:0.778840457841962
S:C1ORF74	D:-0.0105137987979133	D:0.374390807824245	D:0.778929323791303
S:ZNF251	D:-0.016756607867682	D:0.375945473762544	D:0.780252471504091
S:ZNF620	D:-0.00592632565269175	D:0.376436717544043	D:0.780451839850671
S:MGEA5	D:-0.0189284750099052	D:0.379713406441265	D:0.781340345534475
S:HMGN1P38	D:-0.0325571964984295	D:0.380575113814614	D:0.781958880956302
S:RNASEL	D:-0.010883610611403	D:0.385688741367244	D:0.784246593124955
S:NKTR	D:-0.0298311989702739	D:0.386286982400612	D:0.784663004279554
S:GPR39	D:-0.000690226488205086	D:0.390643708713487	D:0.788880438200582
S:ICAM2	D:-0.0153155017694945	D:0.391027362347448	D:0.789144014833018
S:NSRP1	D:-0.0118854425941473	D:0.391653462673308	D:0.789365921180942
S:BTBD7	D:-0.00779035087065527	D:0.393861805497247	D:0.791004718599045
S:EGR3	D:-0.00270315099105218	D:0.394642213078724	D:0.791553299822292
S:STIM2	D:-0.0173536544324079	D:0.399601349002019	D:0.794636627772585
S:YES1	D:-0.0139815354268158	D:0.399709911046196	D:0.794636627772585
S:MED6	D:-0.0131734021287227	D:0.403865976664629	D:0.79767475419848
S:ASXL2	D:-0.0105421638025087	D:0.407166577933575	D:0.800524428565168
S:SPAG5	D:-0.0111003125626942	D:0.407733062103152	D:0.800561543323508
S:ZMPSTE24	D:-0.00987439036160937	D:0.408086324074798	D:0.800661761257494
S:SCP2	D:-0.0130720115846631	D:0.408625799439127	D:0.801259195338754
S:CAMTA1	D:-0.00901922466138432	D:0.410039867369778	D:0.802370658226916
S:N4BP2L1	D:-0.0106757918628182	D:0.410435332915095	D:0.802806793865043
S:ALS2	D:-0.0109862325668552	D:0.412502772895429	D:0.803808726629297
S:ERCC5	D:-0.0156110704333441	D:0.412837016892716	D:0.804105150363482
S:ADAM22	D:-0.00636494908265342	D:0.413107116520717	D:0.80420988683767
S:NCBP1	D:-0.0103129942912079	D:0.413404421475541	D:0.804210550073752
S:ACBD5	D:-0.0106895844012803	D:0.414896041176147	D:0.80509790479499
S:ANKHD1	D:-0.00369305260977551	D:0.416149996905393	D:0.805808211757121
S:MMP21	D:-0.00155842042979757	D:0.418235095055279	D:0.807009211170902
S:CHD6	D:-0.0144524592503133	D:0.419583516898729	D:0.807561578252348
S:TNRC6C	D:-0.00997343668816421	D:0.421071045836967	D:0.808426283917572
S:HNRNPK	D:-0.00778823025726735	D:0.423755293513873	D:0.809441697210363
S:STAMBP	D:-0.00720429677261802	D:0.426267789841156	D:0.811062912146311
S:SETD6	D:-0.0139532559284276	D:0.427072386483289	D:0.811562670990619
S:HS3ST3B1	D:-0.0151193984831317	D:0.428660814997244	D:0.812366159921618
S:DTWD2	D:-0.00755107263027202	D:0.43026606413137	D:0.812783118160399
S:ZNF280C	D:-0.0088690135771651	D:0.430435399741144	D:0.812847308102072
S:SUPT16H	D:-0.0115720268376356	D:0.430699378419752	D:0.812926529418013
S:C1QTNF3	D:-0.00726408770288762	D:0.432825238020858	D:0.814315179584508
S:FGL2	D:-0.017159277903292	D:0.434809547718022	D:0.815361081394579
S:SRRM1	D:-0.0185350648429484	D:0.436244982167662	D:0.815803638800296
S:MYO5C	D:-0.0023207078510934	D:0.437011378495455	D:0.815803638800296
S:CATSPERB	D:-0.0055890064668666	D:0.437085709807141	D:0.815803638800296
S:DENND2D	D:-0.0225992836285464	D:0.438204703561069	D:0.816381073979098
S:TRAF6	D:-0.00799371094710902	D:0.438296288499537	D:0.816381073979098
S:MIF	D:-0.00452695487076818	D:0.438581503072571	D:0.816434986377341
S:GOLPH3	D:-0.00782945855588866	D:0.439253359924779	D:0.816705167910239
S:FBLN7	D:-0.00813508027072323	D:0.439765611860394	D:0.817004474939998
S:UBE2K	D:-0.00800613788948029	D:0.440806452014741	D:0.817365013300171
S:C11ORF92	D:-0.00177633824562996	D:0.441801572419316	D:0.817481661226913
S:ABL2	D:-0.00443509454133386	D:0.444012156797593	D:0.818756922070694
S:COPB2	D:-0.00878908759077205	D:0.444539491468436	D:0.819172570632134
S:RSU1	D:-0.0117525267129182	D:0.444666368476045	D:0.819172570632134
S:SLTM	D:-0.0169769841946528	D:0.44702643426686	D:0.820552961551336
S:KLHL25	D:-0.00987589240996185	D:0.447676581849483	D:0.821204497595286
S:MRPS6	D:-0.0114988541561868	D:0.448349997805146	D:0.82157760086282
S:C9ORF3	D:-0.00381222424830698	D:0.453930736143077	D:0.824549745899986
S:ISCU	D:-0.0111731211153892	D:0.455033355511837	D:0.825595291748479
S:BTG1	D:-0.0113475949844094	D:0.455109176347766	D:0.825615671879503
S:BPTF	D:-0.00991148464608407	D:0.455235470578234	D:0.825791107749805
S:RIOK1	D:-0.0123806320419193	D:0.458814004825137	D:0.828245189487715
S:DROSHA	D:-0.0126788135860946	D:0.460474615492759	D:0.829097898097084
S:ZFP91	D:-0.0109887953625523	D:0.461151153085146	D:0.829278588154514
S:PGRMC2	D:-0.011837166035829	D:0.462653691856469	D:0.830182881555488
S:RFC5	D:-0.00901754630823484	D:0.463143517276221	D:0.830230429017294
S:BRCA1	D:-0.00660479053862174	D:0.464255709290893	D:0.830505039579971
S:MRS2	D:-0.00977728350840702	D:0.468054870109065	D:0.832980254088329
S:PRKCQ	D:-0.0180540177040696	D:0.470407933387949	D:0.833700109883221
S:ALG9	D:-0.00476510300999094	D:0.470694760237304	D:0.833975874603491
S:CCNE1	D:-0.0101668207229223	D:0.471351512556686	D:0.834431034211844
S:FAF2	D:-0.00841173504375036	D:0.47324860768557	D:0.834859998413919
S:ZBTB2	D:-0.00945553774981474	D:0.473528773063115	D:0.835049527055492
S:HNRNPD	D:-0.0166443372637716	D:0.476898109016914	D:0.836302945749933
S:SYNC	D:-0.00885229565887216	D:0.477686921627241	D:0.836847823316677
S:HSPA9	D:-0.0114197260893338	D:0.483057093925228	D:0.839993479088727
S:GPHN	D:-0.00588495739581126	D:0.483269237948064	D:0.839993479088727
S:GOLGA5	D:-0.00694306579528645	D:0.483823266278297	D:0.84008382243544
S:RBBP4	D:-0.0118136018679567	D:0.483963602976306	D:0.840222950924901
S:PARP16	D:-0.0136121363244613	D:0.48778140068913	D:0.841599533676717
S:NCOA7	D:-0.0122201041468922	D:0.488934571117128	D:0.842076503443053
S:DHRS3	D:-0.0202635730210396	D:0.489811258404764	D:0.842565930482401
S:ZNF655	D:-0.00978958924086968	D:0.491370880957836	D:0.843584996465104
S:RNF103	D:-0.00819764355291901	D:0.491725579173901	D:0.843726848318183
S:NDC80	D:-0.0117995686553339	D:0.491868768688302	D:0.843920657410126
S:TIGD2	D:-0.00824674179201456	D:0.492752129569323	D:0.844185236448123
S:ULK4	D:-0.00890714405561316	D:0.493721455808981	D:0.844693308246404
S:NFE2L3	D:-0.0146489122088407	D:0.495190626400666	D:0.845815672243234
S:OTUD3	D:-0.0118335767118607	D:0.496038121099329	D:0.846342756034254
S:FAM178A	D:-0.0104107191536828	D:0.49682950322867	D:0.846606174712785
S:RC3H1	D:-0.0109665658673728	D:0.500076745286977	D:0.849026215764921
S:APPL2	D:-0.0137470996456126	D:0.500204702289484	D:0.849140152113588
S:ZBTB39	D:-0.0109402004250189	D:0.500363168089507	D:0.849225860873748
S:THUMPD3	D:-0.00965270682756982	D:0.502894364362749	D:0.850495380539671
S:SENP5	D:-0.00801165958619784	D:0.5054263102164	D:0.851427348994431
S:S1PR1	D:-0.0198133206739014	D:0.506198041813533	D:0.851603805418928
S:SS18L1	D:-0.00923264505836889	D:0.50828189927904	D:0.852783028426619
S:ZNF70	D:-0.00301284494491776	D:0.510036827636294	D:0.85378143977474
S:SON	D:-0.0120444230061776	D:0.510096936877241	D:0.85378143977474
S:DMRTC1	D:-0.0045347785206448	D:0.510359497998622	D:0.853849667808048
S:SMYD3	D:-0.00864889838969446	D:0.511095220780987	D:0.854184739704166
S:HDAC1	D:-0.0108433405256077	D:0.511435940608086	D:0.854184739704166
S:GRIK3	D:-0.00028630424136386	D:0.512270981963396	D:0.854397221620557
S:ZC4H2	D:-0.0108265500340339	D:0.513254084804944	D:0.854791625238795
S:SECISBP2	D:-0.0118740502515325	D:0.516959561792574	D:0.856332207824247
S:PAPD7	D:-0.0141558385146203	D:0.519045238383481	D:0.857336160959648
S:TPR	D:-0.011302729606571	D:0.51989460772297	D:0.857470284378334
S:DAD1	D:-0.0117318789802535	D:0.52047560086092	D:0.857525030698245
S:GRSF1	D:-0.00719610302012309	D:0.521906089070608	D:0.858279691232592
S:NVL	D:-0.00941358249652305	D:0.524846416782349	D:0.859853456937977
S:SPCS2	D:-0.0105411172648733	D:0.525627413846972	D:0.859956020178448
S:ACO1	D:-0.011043506428614	D:0.527053652907274	D:0.860590151093547
S:TSFM	D:-0.00870451505147523	D:0.527248492629214	D:0.860707848694166
S:TSN	D:-0.00941832990536034	D:0.529164786679679	D:0.860713864224597
S:TMEM117	D:-0.00640732322123708	D:0.532086809728093	D:0.862420903613562
S:RHBDD1	D:-0.00730456527756479	D:0.53505595154771	D:0.864636241747661
S:CENPJ	D:-0.00860547202690697	D:0.535505571569031	D:0.864679688322755
S:DNAJC18	D:-0.00540046412468119	D:0.540202628012286	D:0.866111583284003
S:SAR1B	D:-0.0058781243700189	D:0.540747754544861	D:0.866525224168747
S:SIDT1	D:-0.0125160093544481	D:0.54080461287098	D:0.866541695084764
S:TRAF3IP1	D:-0.0068276028755384	D:0.541027737653908	D:0.866625582984422
S:SPRYD7	D:-0.00683127049135435	D:0.541076402736392	D:0.866653796291116
S:HOXB6	D:-0.000752191533403297	D:0.541556481954277	D:0.86690434763406
S:ACSBG2	D:-0.00133498034848642	D:0.544082996526306	D:0.867239088123884
S:NOP56	D:-0.0126660760099251	D:0.547007018191499	D:0.869008850871071
S:PDSS2	D:-0.00705884853515488	D:0.547267946990269	D:0.869089524921673
S:FMN1	D:-0.00671193329739225	D:0.548737101520206	D:0.869734836390076
S:MAGEH1	D:-0.0253536359932755	D:0.551799511881896	D:0.871078635142764
S:UBTF	D:-0.0197225359469539	D:0.552699501655277	D:0.871530994137291
S:GFPT1	D:-0.00730855823959429	D:0.5536116028954	D:0.871846576128187
S:ASXL1	D:-0.01259632038333	D:0.557541191099503	D:0.873580331690237
S:TAGAP	D:-0.0132275808789058	D:0.558634725071516	D:0.873972017277235
S:FAIM	D:-0.00736192766445509	D:0.559299421761119	D:0.874561424245215
S:SLC45A2	D:-0.00185566458875077	D:0.559901966371626	D:0.874746553588981
S:SAP18	D:-0.00873709977896481	D:0.561239704918264	D:0.875146826824287
S:NKRF	D:-0.012899545766053	D:0.562629016141213	D:0.875598072962041
S:SERPINF2	D:-0.00831902197028773	D:0.565212450928081	D:0.877075475670118
S:ZUFSP	D:-0.00733138071262573	D:0.565638628733322	D:0.877167852116764
S:ADAMTS4	D:-0.00186071476376988	D:0.566655744799127	D:0.877668368089973
S:SEPT11	D:-0.00843905721082612	D:0.566978168278832	D:0.877668368089973
S:PDCL3	D:-0.0101935942489968	D:0.568253311179127	D:0.878317520018587
S:COL20A1	D:-0.000260093437407818	D:0.568624551986064	D:0.878365687731407
S:PDE4D	D:-0.00906400417019352	D:0.57334936742421	D:0.880516586057157
S:EARS2	D:-0.00753059051640674	D:0.574604957177172	D:0.881283238008074
S:SEC63	D:-0.0070145919828599	D:0.575012961957371	D:0.881501250589379
S:C15ORF62	D:-0.00730248533040289	D:0.575160124844835	D:0.881580727641906
S:TDRKH	D:-0.00789243872544624	D:0.57559253427602	D:0.881665430877174
S:HHEX	D:-0.00968093601596367	D:0.575918620644187	D:0.881765352072708
S:LY75	D:-0.00763829998575969	D:0.578076142545374	D:0.882030676713392
S:ENPP4	D:-0.0137435614408493	D:0.57828210561017	D:0.882038815979784
S:UTRN	D:-0.0115392586321556	D:0.579320530819361	D:0.882416337291473
S:UGT2B28	D:-0.00440973786309268	D:0.580285404062712	D:0.882914795890649
S:KRT20	D:-0.000317553340412786	D:0.58038506112477	D:0.882914795890649
S:NDUFS4	D:-0.0104255420029927	D:0.586670329478263	D:0.884840253755111
S:IKBIP	D:-0.0125889007040225	D:0.590452755230714	D:0.886557046791199
S:C12ORF5	D:-0.00863130641873308	D:0.590578022658318	D:0.886557046791199
S:HRH4	D:-0.0156737284801709	D:0.591389415657047	D:0.886689664425166
S:SNRPA1	D:-0.0113053390285085	D:0.591585176866404	D:0.886716745872441
S:SCUBE3	D:-0.00119153159579185	D:0.591797897444475	D:0.886823774966614
S:GGA2	D:-0.0136671212734674	D:0.592354246932957	D:0.887023221935961
S:F3	D:-0.00158087969720022	D:0.593615980588666	D:0.887023221935961
S:SLC4A5	D:-0.00271883259488393	D:0.596300922430715	D:0.887528897323071
S:SDAD1	D:-0.0111759787582366	D:0.596774575138828	D:0.887762435478732
S:LAX1	D:-0.0125157075642518	D:0.602867218296845	D:0.890312929925654
S:YTHDF1	D:-0.0135948221475643	D:0.60565124805252	D:0.891311696975789
S:SP140	D:-0.00980361663122578	D:0.606971791653118	D:0.892314074534555
S:PRRC2C	D:-0.00912202147748279	D:0.607270151562069	D:0.892450115268857
S:SAAL1	D:-0.00710163614095367	D:0.609159642919331	D:0.893365857489282
S:MPI	D:-0.012825405791577	D:0.611355136366647	D:0.894849208943506
S:BLM	D:-0.00708619228045592	D:0.612465391350197	D:0.895085074735451
S:LRRC49	D:-0.000792667584151755	D:0.613621173862339	D:0.895158214640283
S:IL28RA	D:-0.00641084499724444	D:0.615016677728799	D:0.895633532377274
S:HOXA10	D:-0.00353992674253705	D:0.615382028380977	D:0.895688296765755
S:CYP20A1	D:-0.00617200265344871	D:0.615569159072479	D:0.895705918863087
S:TXLNG	D:-0.0135836383398063	D:0.616092477241907	D:0.896000262613809
S:KIAA0196	D:-0.00524176845362091	D:0.618922446638309	D:0.897357168087024
S:WFS1	D:-0.00463474572564667	D:0.622040492681695	D:0.898656770575398
S:ITIH3	D:-0.000515409152982242	D:0.624369741713192	D:0.89905590426409
S:ZXDA	D:-0.00623592706684607	D:0.625957969883455	D:0.899654859302713
S:DNAJA3	D:-0.0153923102044823	D:0.627710506858057	D:0.900601462314726
S:ZNF264	D:-0.00723802101468901	D:0.630265692458088	D:0.902024366663994
S:VKORC1L1	D:-0.0063331383504832	D:0.630584003202511	D:0.902139318912732
S:RALGAPB	D:-0.00722855045049474	D:0.631244146108009	D:0.902184901580911
S:LPIN1	D:-0.00853631381723392	D:0.632744753755977	D:0.902489067729421
S:SLC16A4	D:-0.00323292297657279	D:0.632897199267943	D:0.902614247908446
S:ETV3	D:-0.00685899062959807	D:0.633315803198962	D:0.903095775643265
S:PROM2	D:-0.000933309055352303	D:0.633676040280084	D:0.903107773906249
S:SAR1A	D:-0.0057995801590909	D:0.633988742472097	D:0.903297279099595
S:PIK3C2G	D:-0.000230949922001824	D:0.63618252799099	D:0.903909998413754
S:PHF13	D:-0.00684333362551849	D:0.637429335880366	D:0.904456164942604
S:PITPNM2	D:-0.00645761386234273	D:0.638412451309273	D:0.905114879408808
S:E2F3	D:-0.00778224182838845	D:0.644836007451193	D:0.9071686999395
S:ADC	D:-0.00434599240780243	D:0.645271216254522	D:0.9071686999395
S:RPUSD2	D:-0.00931388837547118	D:0.646041686638095	D:0.907632310181679
S:NSUN2	D:-0.0103077461239246	D:0.647751910251862	D:0.908161818880919
S:P2RY10	D:-0.0245127169617856	D:0.648460590140908	D:0.908161818880919
S:FARS2	D:-0.00803861213791035	D:0.65043215270505	D:0.908814086708283
S:WDR7	D:-0.00540529547676173	D:0.651669424507731	D:0.909389373429948
S:SCAF8	D:-0.00825484691240534	D:0.651849917787336	D:0.9094804621187
S:TRIM32	D:-0.00897846268768897	D:0.652596244263207	D:0.909626221471749
S:PIGV	D:-0.00568077979302323	D:0.654067356736974	D:0.910079220302678
S:TAF3	D:-0.0063067755861726	D:0.655164913764629	D:0.91060102053208
S:ARAP2	D:-0.00799141541599158	D:0.65559327314869	D:0.910872573356229
S:UNC13B	D:-0.00236148469485458	D:0.658250514214987	D:0.911614739827335
S:PARP1	D:-0.0134116858185967	D:0.658704979644837	D:0.911882147804544
S:GLDC	D:-0.00436225813222844	D:0.659287447594181	D:0.911923561192871
S:MTO1	D:-0.00523732359148361	D:0.660751516560142	D:0.91254267045344
S:PRKCB	D:-0.00637688221743189	D:0.672531594862215	D:0.917403172780166
S:LSG1	D:-0.00782809720755328	D:0.675347462186026	D:0.918634381176254
S:TAF4	D:-0.00570144395533919	D:0.676024785093437	D:0.918903801293422
S:HNRNPU	D:-0.00710694630248298	D:0.677812462637671	D:0.919408331659088
S:EP400	D:-0.00531501341010259	D:0.678151434547101	D:0.919486638606076
S:CASK	D:-0.00650175499939125	D:0.678618794480462	D:0.919821488818994
S:HSPB3	D:-0.00288476168652036	D:0.680782948554089	D:0.920648938474933
S:FRG1B	D:-0.00756735519613878	D:0.682248584272285	D:0.92152871366923
S:WDR85	D:-0.0110075233308829	D:0.682679549251163	D:0.92152871366923
S:SNTB1	D:-0.00542963714374227	D:0.68715721377868	D:0.92339273525397
S:XPNPEP3	D:-0.00333882480166653	D:0.688172242888108	D:0.923452439973416
S:EGLN3	D:-0.00319091501905734	D:0.688223188314486	D:0.923476403166217
S:ANKRD42	D:-0.00373122030011011	D:0.690445574907365	D:0.924813360640426
S:TIE1	D:-0.00166535708367599	D:0.693321531036866	D:0.925781015283122
S:SH3RF3	D:-0.00525193739648865	D:0.693646108564287	D:0.925945231013452
S:EFHA1	D:-0.00570925805244068	D:0.694806376505127	D:0.926313187294752
S:AP3B1	D:-0.00423927135150447	D:0.695718957223162	D:0.926399163236406
S:LZTS1	D:-0.000930669724452304	D:0.695771276509155	D:0.926399163236406
S:LARS2	D:-0.0085541487464307	D:0.695779407701136	D:0.926399163236406
S:MFNG	D:-0.00853019365033177	D:0.697867895919732	D:0.926969968357116
S:IGSF23	D:-0.00846574111988214	D:0.699081049473205	D:0.927401091134416
S:ARHGAP17	D:-0.0145747965164449	D:0.699341546814071	D:0.927401091134416
S:TCEA2	D:-0.00795144950465194	D:0.703385817963647	D:0.928709444479489
S:NCAPD3	D:-0.00705689572878246	D:0.703512945642427	D:0.928766203721685
S:HN1L	D:-0.00726380760940483	D:0.703912608250288	D:0.928898996958899
S:BRD1	D:-0.0083473234590462	D:0.70423418302411	D:0.928898996958899
S:RCCD1	D:-0.00403184879018575	D:0.705263610975853	D:0.929060671485002
S:PHACTR2	D:-0.00428222744162752	D:0.705463093806601	D:0.929060671485002
S:TRIM24	D:-0.00521826776327733	D:0.705621844988917	D:0.92913295565836
S:TUSC5	D:-0.00118226419243845	D:0.707699653607533	D:0.92974608855408
S:SNX14	D:-0.00397972664588169	D:0.70790241095697	D:0.92974608855408
S:ZBED4	D:-0.00724677489199819	D:0.709840638986483	D:0.92974608855408
S:FAM123B	D:-0.00323536568826798	D:0.709890224706433	D:0.92974608855408
S:USP39	D:-0.00548831779744834	D:0.709954944103675	D:0.92974608855408
S:MIA3	D:-0.00816090898891911	D:0.711143081404806	D:0.92974608855408
S:MLH1	D:-0.00447434621854984	D:0.712404198787908	D:0.930121213835922
S:EGF	D:-0.00509628505839518	D:0.719583073472924	D:0.932124922520621
S:ACBD6	D:-0.00575835932042776	D:0.724858083355556	D:0.933666022625077
S:SNX29	D:-0.00480826579346303	D:0.72763075208807	D:0.934028917316725
S:PDCD11	D:-0.00943213979617671	D:0.727820483212351	D:0.934028917316725
S:SPATA7	D:-0.0021180060130902	D:0.730196765672666	D:0.934409406163056
S:ATP6V1A	D:-0.00477183290215112	D:0.730218520883962	D:0.934409406163056
S:FZD7	D:-0.000684939168433245	D:0.730814293919714	D:0.934532931550271
S:MBD1	D:-0.0102220352504136	D:0.733309223037341	D:0.935158387260149
S:FAM154A	D:-0.000444097539198651	D:0.734189717605893	D:0.935501963950899
S:MYBPH	D:-0.010299676052112	D:0.734539977677377	D:0.935596419889607
S:FAM83D	D:-0.00230562991839912	D:0.734808302089981	D:0.935596419889607
S:STRAP	D:-0.00403265267064969	D:0.735382010736032	D:0.935596419889607
S:VPS35	D:-0.00423341078491994	D:0.736004753639575	D:0.935596419889607
S:NUP50	D:-0.004259157788968	D:0.737391400418438	D:0.935854631786182
S:CD40LG	D:-0.0167058122243067	D:0.741207829862842	D:0.937043553538612
S:CAPN14	D:-0.00146238495975642	D:0.742780752326486	D:0.937460791695167
S:ZBTB46	D:-0.00329950056821264	D:0.744185164562131	D:0.937728399943969
S:PPP1R13B	D:-0.00293783040151195	D:0.74833215120957	D:0.93897852340144
S:ATPAF1	D:-0.0041342555004234	D:0.753912478474274	D:0.940242963234147
S:TRMT6	D:-0.0045590884552716	D:0.759167056174684	D:0.942116527255537
S:CDCA2	D:-0.00207354147626974	D:0.763633122239372	D:0.94355411907654
S:TSHZ2	D:-0.00253055020580293	D:0.764271884700811	D:0.943697629512516
S:MAGI3	D:-0.00147241103962336	D:0.765358314235272	D:0.944005600605673
S:CCDC125	D:-0.00520875533389462	D:0.766660765414256	D:0.944381775393864
S:SCFD1	D:-0.00412825354139958	D:0.76666901828445	D:0.944381775393864
S:WDR6	D:-0.0137379223965803	D:0.7671278964747	D:0.94456873828071
S:LAMA2	D:-0.00159216337562676	D:0.768147569887078	D:0.945018652409177
S:RECQL5	D:-0.00676253603630734	D:0.771617477402947	D:0.945944130543666
S:OR2A7	D:-0.0012606743797144	D:0.772486880449224	D:0.946158284694687
S:KCNMB3	D:-0.00151938975524149	D:0.773491235089336	D:0.946557652095556
S:ATP11C	D:-0.00647088266963512	D:0.780812692478073	D:0.94940605469375
S:ZNF425	D:-0.00192835596860067	D:0.787987716981884	D:0.950657525514533
S:HMGN2P46	D:-0.00293572466324699	D:0.788405670817938	D:0.950657525514533
S:AOX1	D:-0.000216897230577632	D:0.789460132795698	D:0.950660220665636
S:BMP10	D:-0.000280199152192952	D:0.790334720449247	D:0.950895855409084
S:XYLT1	D:-0.00358747985152608	D:0.791515392695065	D:0.950895855409084
S:PPRC1	D:-0.0054955538739962	D:0.792617826887652	D:0.951443668257718
S:PVRIG	D:-0.00128115617818814	D:0.792660196094168	D:0.951443668257718
S:METTL20	D:-0.00125282535386496	D:0.792986514600175	D:0.951606411280022
S:ZNF469	D:-0.000507023739006322	D:0.79459018492025	D:0.951781836856828
S:CCDC77	D:-0.00330757792654354	D:0.796829159942694	D:0.952858659678797
S:C21ORF90	D:-0.00110664019107744	D:0.7978855539944	D:0.953010048871644
S:RBL1	D:-0.00350829653700854	D:0.797984215757839	D:0.953070547667048
S:MCM7	D:-0.00721798001045052	D:0.79992696538159	D:0.953477470559213
S:PRKCE	D:-0.0020481378207103	D:0.801028577121264	D:0.953942497653636
S:KHDC1	D:-0.00151541047344118	D:0.801781591831449	D:0.953948513428925
S:PIAS2	D:-0.00383816840931701	D:0.804061807623377	D:0.95494352978045
S:RTKN	D:-0.00158278803892147	D:0.804762731411361	D:0.955013197717614
S:THRA	D:-0.00713716692690997	D:0.804841913370173	D:0.955013197717614
S:SLC10A4	D:-0.000694325174379793	D:0.810741833329252	D:0.957102786317291
S:ATXN2L	D:-0.010052235425439	D:0.811065033588454	D:0.95724057372521
S:GABPB2	D:-0.00353099428143349	D:0.811943451507348	D:0.957386638427126
S:KIF15	D:-0.00130840004811342	D:0.813645666692107	D:0.958224532001079
S:FAM115A	D:-0.00325032513295905	D:0.814508018530763	D:0.958224532001079
S:PHRF1	D:-0.00658343679484958	D:0.815845382237075	D:0.958860759705179
S:HPS4	D:-0.00487193054438406	D:0.817148488067968	D:0.959071470295548
S:CA8	D:-0.0033809791205639	D:0.820982980338089	D:0.959575167853907
S:TULP4	D:-0.00227350554603205	D:0.823647521466019	D:0.960851812575821
S:KRAS	D:-0.00217706588459181	D:0.824665241929265	D:0.960930428030154
S:ZNF77	D:-0.00396290318790459	D:0.826802845850436	D:0.960930428030154
S:CELSR1	D:-0.00132769847104822	D:0.82841501165883	D:0.961063159211717
S:TOP2A	D:-0.00298892110361036	D:0.830253063842008	D:0.962055375183988
S:ZNF174	D:-0.00477190896661697	D:0.830580480335112	D:0.962075118993736
S:PSMA5	D:-0.00369959241200001	D:0.830722903402382	D:0.962075118993736
S:BAHD1	D:-0.00468773368040329	D:0.830734725747648	D:0.962075118993736
S:SHF	D:-0.000816263015724829	D:0.831495206927857	D:0.962388290012295
S:TNFSF15	D:-0.000467924018690306	D:0.831560096453039	D:0.962410449819258
S:FMNL3	D:-0.00502188132211879	D:0.832750450510797	D:0.962641293348361
S:TAF6	D:-0.00698254806734819	D:0.840771295913586	D:0.965021490077084
S:POGZ	D:-0.00500386456699744	D:0.843282279952383	D:0.965819533438523
S:HSPA4	D:-0.00291766594903956	D:0.843699580240677	D:0.965946351094812
S:MFSD6	D:-0.00320178859306259	D:0.844111563733557	D:0.966053788649836
S:THADA	D:-0.00276210292589348	D:0.845975191307278	D:0.966162242666306
S:BRPF3	D:-0.00462994594819744	D:0.84675493753475	D:0.966255491005136
S:MRE11A	D:-0.0032217579179678	D:0.847029215621624	D:0.966255491005136
S:NAA50	D:-0.00202154940554883	D:0.847639078824834	D:0.966255491005136
S:PRDM10	D:-0.00259678693624788	D:0.847662750513374	D:0.966255491005136
S:APBB2	D:-0.000694199299035998	D:0.849197615913415	D:0.966813491242242
S:HPS3	D:-0.00246472498803079	D:0.850031236834984	D:0.967196861676563
S:MST4	D:-0.00858770956394474	D:0.852138561099207	D:0.967579603842208
S:ZNF398	D:-0.00202738222290874	D:0.853089009743731	D:0.967992611373238
S:SYVN1	D:-0.00639074461729117	D:0.855033886791332	D:0.968717626408611
S:CDHR3	D:-0.00109082277415387	D:0.858399147812612	D:0.969121621300624
S:CTCF	D:-0.00346003225164699	D:0.858851751418858	D:0.969121621300624
S:YY1	D:-0.00200556557953641	D:0.860991927031344	D:0.969622599136997
S:ARHGEF3	D:-0.00311707784455938	D:0.861769207423919	D:0.969683431421072
S:PLEKHM3	D:-0.00128984191727742	D:0.862295899915778	D:0.969714677383556
S:KPNA4	D:-0.00142095849277839	D:0.862334830441955	D:0.969714677383556
S:TOX2	D:-0.00148533586102991	D:0.86297318098724	D:0.969941264551944
S:C3ORF24	D:-0.000551268704257047	D:0.869580559796689	D:0.971751030684855
S:PRKCH	D:-0.00387297414510363	D:0.87072734813784	D:0.971909879765816
S:PSMD7	D:-0.00205560051042928	D:0.872839536974369	D:0.972596173956205
S:USP54	D:-0.00118257517896158	D:0.874056740373677	D:0.972690238717645
S:JUN	D:-0.00342597245165185	D:0.87440747448531	D:0.972884503529185
S:SMAD3	D:-0.00330954879764656	D:0.874677844348387	D:0.972979385623972
S:NFKBIA	D:-0.00296899870882226	D:0.882748493766217	D:0.975553188130304
S:GALNT11	D:-0.00174781183755889	D:0.887974951640809	D:0.977386192502823
S:TRAPPC10	D:-0.00253528921744782	D:0.888633900078467	D:0.977618318360759
S:TTC17	D:-0.00164554180364467	D:0.891981081298065	D:0.978318130663625
S:ZNF609	D:-0.00316632631355915	D:0.89239473448891	D:0.978384610896236
S:KIAA0494	D:-0.0019190093142079	D:0.896407687621101	D:0.979549525968475
S:C1ORF115	D:-0.0018257122010011	D:0.897622780443615	D:0.979790560737816
S:SHMT1	D:-0.00211123386407662	D:0.898506406222267	D:0.980041964892273
S:VEZF1	D:-0.00132189999902664	D:0.899220578662039	D:0.980267024071836
S:DEM1	D:-0.00152520226647649	D:0.899669259985687	D:0.980317786057223
S:PFKM	D:-0.00196582050955229	D:0.901323957838951	D:0.980424154281136
S:GAPVD1	D:-0.00121947607068518	D:0.904410129001115	D:0.981140476003457
S:ZFP36L2	D:-0.00152787919075544	D:0.906978859905565	D:0.981584798799265
S:SLC4A1AP	D:-0.00140034937766132	D:0.909639122704191	D:0.982676819817697
S:KIAA0240	D:-0.0020081808858864	D:0.912097296814932	D:0.983529154663093
S:DCAF5	D:-0.00233668664102578	D:0.917457837319433	D:0.984333729205063
S:SEPT9	D:-0.00537175522765745	D:0.918388147413607	D:0.984333729205063
S:NUP62	D:-0.00377367070434152	D:0.918822244718046	D:0.984333729205063
S:RAPGEF2	D:-0.00178397181114753	D:0.919402991685273	D:0.984333729205063
S:GAR1	D:-0.00184614429111516	D:0.922125081861653	D:0.985101869724431
S:GBE1	D:-0.000980171601282995	D:0.923309260992541	D:0.985646635508447
S:TRPM3	D:-0.0000595796319908414	D:0.925434273195523	D:0.98613948830205
S:MCM3AP-AS1	D:-0.00149630948094089	D:0.927058346225454	D:0.986435319982936
S:ADAMTS16	D:-0.0000484354166717304	D:0.927666143526528	D:0.986594913531482
S:SSRP1	D:-0.00298041940652865	D:0.929635655777587	D:0.987048846392054
S:TXNIP	D:-0.00148542081919217	D:0.931306689672775	D:0.987048846392054
S:CENPE	D:-0.000291524815953194	D:0.931800839866055	D:0.987048846392054
S:LYSMD3	D:-0.0000529799340881042	D:0.93628157108898	D:0.98747065460428
S:MYO5B	D:-0.00017387866661231	D:0.943301285105412	D:0.989347971413778
S:USP7	D:-0.000866121032351053	D:0.943369538440395	D:0.989362608629935
S:SLC22A5	D:-0.000748146114139114	D:0.943421717934312	D:0.989362746958242
S:FOXN3	D:-0.00096878479799033	D:0.945868699482876	D:0.990433332630647
S:SORCS3	D:-0.000733490753038643	D:0.946709704044984	D:0.990640977196285
S:NAT8L	D:-0.0000845941125153261	D:0.948644782309968	D:0.9909677324003
S:SLC41A3	D:-0.00132659425752366	D:0.95070396654524	D:0.991316847589759
S:MYL12A	D:-0.00108287394359678	D:0.95131062217342	D:0.991316847589759
S:METTL13	D:-0.00135094555983082	D:0.955405682380625	D:0.992006094754336
S:ADCK3	D:-0.00168983724332877	D:0.957804474517411	D:0.992241093845478
S:KHDRBS1	D:-0.000741548515667999	D:0.958990773085682	D:0.992551589910746
S:GNL1	D:-0.000358468266059439	D:0.960328436782226	D:0.993049514237212
S:NOV	D:-0.00156314302479806	D:0.964538277580038	D:0.993770642823726
S:TMED10	D:-0.000591664818858229	D:0.964557087850641	D:0.993770642823726
S:ABLIM2	D:-0.000116933217518488	D:0.966044053183877	D:0.993770642823726
S:CPA3	D:-0.00304553950931625	D:0.968368705425761	D:0.993770642823726
S:USP42	D:-0.000427610760874814	D:0.969060423582085	D:0.994184646568633
S:SLC24A1	D:-0.000341123778895812	D:0.969061442607434	D:0.994184646568633
S:HLA-J	D:-0.00111329448853019	D:0.969101843653778	D:0.994184646568633
S:R3HDM1	D:-0.000616270131930338	D:0.969279986071618	D:0.994252064069199
S:GCC1	D:-0.00073486009027268	D:0.970013501780627	D:0.994540092223294
S:ATP6V1E2	D:-0.000479279221820319	D:0.970618251537068	D:0.994540092223294
S:RASGRP2	D:-0.00128298336842665	D:0.97326680339485	D:0.995159601507557
S:AUTS2	D:-0.00043691541039561	D:0.973784352165129	D:0.995287701648982
S:MYO5A	D:-0.000469749686339394	D:0.97476439499521	D:0.99555630120589
S:ETF1	D:-0.000232835274647028	D:0.974818473987998	D:0.99555630120589
S:RTF1	D:-0.000385832827964233	D:0.975052344988306	D:0.995619773994408
S:WNT1	D:-0.000259816616274471	D:0.975659011807088	D:0.995880260811276
S:NCAPD2	D:-0.000915152423804193	D:0.976542627384807	D:0.996246243523283
S:C17ORF85	D:-0.000542646529195663	D:0.979395084749352	D:0.996516219364448
S:SLC18A2	D:-0.000374001634456005	D:0.982415324239858	D:0.997017032380315
S:CBR1	D:-0.000440084351373513	D:0.982723826373785	D:0.997017032380315
S:APLNR	D:-0.0000109030316414599	D:0.986317149906367	D:0.997675962862355
S:PCNA	D:-0.000268986352899643	D:0.988291294530592	D:0.998017585583213
S:ZKSCAN1	D:-0.000190930416162028	D:0.989545136155469	D:0.998081044095832
S:FBXL16	D:-0.000192028066491631	D:0.994154450394368	D:0.998878634549169
S:ABCD4	D:-0.000132227940591373	D:0.994861252856796	D:0.9989477858893
S:JARID2	D:-0.000119696864378211	D:0.995319420198733	D:0.999033133334169
S:C2CD3	D:-0.000105676252714044	D:0.99550784919209	D:0.999051600839641
S:WHAMM	D:-0.000108843282725122	D:0.995773943402943	D:0.99924678245339
S:ZNF407	D:-0.0000709620132621053	D:0.995845422143347	D:0.999282581865996
S:AP1S3	D:-0.000025906023560439	D:0.996747936214965	D:0.999297035929575
N:	N:	N:	N:
N:	N:	N:	N:
