dataset,title,sample,geo_accession,source,age_range,age_mid,age_category,tissue
GSE103232,MG_UKJ_blood_AA1,AA1,GSM2758605,total RNA extracted from blood_young,24-29 years,26.5,young,blood
GSE103232,MG_UKJ_blood_AA2,AA2,GSM2758606,total RNA extracted from blood_young,24-29 years,26.5,young,blood
GSE103232,MG_UKJ_blood_AA3,AA3,GSM2758607,total RNA extracted from blood_young,24-29 years,26.5,young,blood
GSE103232,MG_UKJ_blood_AA4,AA4,GSM2758608,total RNA extracted from blood_young,24-29 years,26.5,young,blood
GSE103232,MG_UKJ_blood_AA5,AA5,GSM2758609,total RNA extracted from blood_young,24-29 years,26.5,young,blood
GSE103232,MG_UKJ_blood_AA6,AA6,GSM2758610,total RNA extracted from blood_young,24-29 years,26.5,young,blood
GSE103232,MG_UKJ_blood_AA7,AA7,GSM2758611,total RNA extracted from blood_young,24-29 years,26.5,young,blood
GSE103232,MG_UKJ_blood_AA8,AA8,GSM2758612,total RNA extracted from blood_young,24-29 years,26.5,young,blood
GSE103232,MG_UKJ_blood_BB2,BB2,GSM2758613,total RNA extracted from blood_mature_2,45-50 years,47.5,mature_2,blood
GSE103232,MG_UKJ_blood_BB3,BB3,GSM2758614,total RNA extracted from blood_mature_2,45-50 years,47.5,mature_2,blood
GSE103232,MG_UKJ_blood_BB4,BB4,GSM2758615,total RNA extracted from blood_mature_2,45-50 years,47.5,mature_2,blood
GSE103232,MG_UKJ_blood_BB5,BB5,GSM2758616,total RNA extracted from blood_mature_2,45-50 years,47.5,mature_2,blood
GSE103232,MG_UKJ_blood_BB6,BB6,GSM2758617,total RNA extracted from blood_mature_2,45-50 years,47.5,mature_2,blood
GSE103232,MG_UKJ_blood_BB7,BB7,GSM2758618,total RNA extracted from blood_mature_2,45-50 years,47.5,mature_2,blood
GSE103232,MG_UKJ_blood_BB8,BB8,GSM2758619,total RNA extracted from blood_mature_2,45-50 years,47.5,mature_2,blood
GSE103232,MG_UKJ_blood_BB9,BB9,GSM2758620,total RNA extracted from blood_mature_2,45-50 years,47.5,mature_2,blood
GSE103232,MG_UKJ_blood_CC1,CC1,GSM2758621,total RNA extracted from blood_old_1,60-65 years,62.5,old_1,blood
GSE103232,MG_UKJ_blood_CC2,CC2,GSM2758622,total RNA extracted from blood_old_1,60-65 years,62.5,old_1,blood
GSE103232,MG_UKJ_blood_CC3,CC3,GSM2758623,total RNA extracted from blood_old_1,60-65 years,62.5,old_1,blood
GSE103232,MG_UKJ_blood_CC4,CC4,GSM2758624,total RNA extracted from blood_old_1,60-65 years,62.5,old_1,blood
GSE103232,MG_UKJ_blood_CC5,CC5,GSM2758625,total RNA extracted from blood_old_1,60-65 years,62.5,old_1,blood
GSE103232,MG_UKJ_blood_CC6,CC6,GSM2758626,total RNA extracted from blood_old_1,60-65 years,62.5,old_1,blood
GSE103232,MG_UKJ_blood_CC7,CC7,GSM2758627,total RNA extracted from blood_old_1,60-65 years,62.5,old_1,blood
GSE103232,MG_UKJ_blood_CC8,CC8,GSM2758628,total RNA extracted from blood_old_1,60-65 years,62.5,old_1,blood
GSE103232,MG_UKJ_blood_DD1,DD1,GSM2758629,total RNA extracted from blood_old_2,75-80 years,77.5,old_2,blood
GSE103232,MG_UKJ_blood_DD2,DD2,GSM2758630,total RNA extracted from blood_old_2,75-80 years,77.5,old_2,blood
GSE103232,MG_UKJ_blood_DD3,DD3,GSM2758631,total RNA extracted from blood_old_2,75-80 years,77.5,old_2,blood
GSE103232,MG_UKJ_blood_DD4,DD4,GSM2758632,total RNA extracted from blood_old_2,75-80 years,77.5,old_2,blood
GSE103232,MG_UKJ_blood_DD5,DD5,GSM2758633,total RNA extracted from blood_old_2,75-80 years,77.5,old_2,blood
GSE103232,MG_UKJ_blood_DD6,DD6,GSM2758634,total RNA extracted from blood_old_2,75-80 years,77.5,old_2,blood
GSE103232,MG_UKJ_blood_DD7,DD7,GSM2758635,total RNA extracted from blood_old_2,75-80 years,77.5,old_2,blood
GSE103232,MG_UKJ_blood_DD8,DD8,GSM2758636,total RNA extracted from blood_old_2,75-80 years,77.5,old_2,blood
GSE75337,MG_UKJ_blood_A13B,A13B,GSM1953492,total RNA extracted from blood,24-29years,26.5,young,blood
GSE75337,MG_UKJ_blood_A2B_3,A2B_3,GSM1953493,total RNA extracted from blood,24-29years,26.5,young,blood
GSE75337,MG_UKJ_blood_A5B,A5B,GSM1953494,total RNA extracted from blood,24-29years,26.5,young,blood
GSE75337,MG_UKJ_blood_A6B,A6B,GSM1953495,total RNA extracted from blood,24-29years,26.5,young,blood
GSE75337,MG_UKJ_blood_A7B,A7B,GSM1953496,total RNA extracted from blood,24-29years,26.5,young,blood
GSE75337,MG_UKJ_blood_A8B,A8B,GSM1953497,total RNA extracted from blood,24-29years,26.5,young,blood
GSE75337,MG_UKJ_blood_A9B,A9B,GSM1953498,total RNA extracted from blood,24-29years,26.5,young,blood
GSE75337,MG_UKJ_blood_B12B,B12B,GSM1953499,total RNA extracted from blood,45-50years,47.5,NA,blood
GSE75337,MG_UKJ_blood_B13B,B13B,GSM1953500,total RNA extracted from blood,45-50years,47.5,NA,blood
GSE75337,MG_UKJ_blood_B14B,B14B,GSM1953501,total RNA extracted from blood,45-50years,47.5,NA,blood
GSE75337,MG_UKJ_blood_B1B_1,B1B_1,GSM1953502,total RNA extracted from blood,45-50years,47.5,NA,blood
GSE75337,MG_UKJ_blood_B2B,B2B,GSM1953503,total RNA extracted from blood,45-50years,47.5,NA,blood
GSE75337,MG_UKJ_blood_B3B,B3B,GSM1953504,total RNA extracted from blood,45-50years,47.5,NA,blood
GSE75337,MG_UKJ_blood_B4B,B4B,GSM1953505,total RNA extracted from blood,45-50years,47.5,NA,blood
GSE75337,MG_UKJ_blood_B8B,B8B,GSM1953506,total RNA extracted from blood,45-50years,47.5,NA,blood
GSE75337,MG_UKJ_blood_B9B,B9B,GSM1953507,total RNA extracted from blood,45-50years,47.5,NA,blood
GSE75337,MG_UKJ_blood_C12B,C12B,GSM1953508,total RNA extracted from blood,60-65years,62.5,old_1,blood
GSE75337,MG_UKJ_blood_C13B,C13B,GSM1953509,total RNA extracted from blood,60-65years,62.5,old_1,blood
GSE75337,MG_UKJ_blood_C1B,C1B,GSM1953510,total RNA extracted from blood,60-65years,62.5,old_1,blood
GSE75337,MG_UKJ_blood_C2B,C2B,GSM1953511,total RNA extracted from blood,60-65years,62.5,old_1,blood
GSE75337,MG_UKJ_blood_C3B,C3B,GSM1953512,total RNA extracted from blood,60-65years,62.5,old_1,blood
GSE75337,MG_UKJ_blood_C6B,C6B,GSM1953513,total RNA extracted from blood,60-65years,62.5,old_1,blood
GSE75337,MG_UKJ_blood_C8B,C8B,GSM1953514,total RNA extracted from blood,60-65years,62.5,old_1,blood
GSE75337,MG_UKJ_blood_D10B,D10B,GSM1953515,total RNA extracted from blood,75-80years,77.5,old_2,blood
GSE75337,MG_UKJ_blood_D11B,D11B,GSM1953516,total RNA extracted from blood,75-80years,77.5,old_2,blood
GSE75337,MG_UKJ_blood_D12B,D12B,GSM1953517,total RNA extracted from blood,75-80years,77.5,old_2,blood
GSE75337,MG_UKJ_blood_D13B,D13B,GSM1953518,total RNA extracted from blood,75-80years,77.5,old_2,blood
GSE75337,MG_UKJ_blood_D14B,D14B,GSM1953519,total RNA extracted from blood,75-80years,77.5,old_2,blood
GSE75337,MG_UKJ_blood_D2B,D2B,GSM1953520,total RNA extracted from blood,75-80years,77.5,old_2,blood
GSE75337,MG_UKJ_blood_D7B,D7B,GSM1953521,total RNA extracted from blood,75-80years,77.5,old_2,blood
