"dataset","accession_or_reference","bundled_path","bytes","sha256"
"GSE113754","GSE113754","GSE113754/README.md",229,"e7462a74cc6ef7bf9d1d2e222ef9da4d9558fa8d2f064b6391260eae834240b8"
"GSE128770","GSE128770","GSE128770/GSE128770_family.soft.gz",7766,"af5c5569b4935054de01ce8f0a3fbd9ba70ed9ca0884b35dc17122f02f4636c1"
"GSE128770","GSE128770","GSE128770/GSE128770_master_list_of_gene_counts_MIN.UNNORMQUANT.txt.gz",3955468,"e5c1ded3d08cf2ce9ed86414d611d12d5e653f177a2f9a3e58b40a70f4ad7d9d"
"GSE132040","GSE132040","GSE132040/mouse_gene_map.csv",248476,"e1aa1f79fd82736c83b656932ebd18216c810cb8aa0375cf571bedd07e5137be"
"GSE132040","GSE132040","GSE132040/README.md",366,"9d6f802a46eb61e34af0a45a42f817adcbc34fe1a95bd9c314fe74a581da5227"
"GSE134080_or_JenAge","JenAge; GSE103232; GSE75337","GSE134080_or_JenAge/JenAge_00_healthy_blood_sample_metadata.csv",6587,"6641b2d2ea8e54a75270bc676f06b92de9abbdef5101d2f28d9cb99f8517cccf"
"GSE134080_or_JenAge","JenAge; GSE103232; GSE75337","GSE134080_or_JenAge/JenAge_01_healthy_blood_age_log2RPKM_results.csv",3608311,"c161fa58578464cede707224e6e462d6ef21822b0e322749a1fef1b97151d60e"
"GSE39445","GSE39445","GSE39445/curated_metadata/GSE39445_sample_phase_mapping.csv",18594,"1ba5ed2b93c26baea3fcad03edd8e395cf5977001abbc6c69b5e5dc6f95838cf"
"GSE39445","GSE39445","GSE39445/Figure_1E_1F_gene_level_phase_adjusted_limma.csv",3584658,"6cd8a6a8a7d8087c86421356e65aba317cd3adf74c5da5459605a7f4e0e77b67"
"GSE39445","GSE39445","GSE39445/GSE39445_series_matrix.txt.gz",99904009,"e7b4abce3b619f5a9df58611613d6ab14b636f1c148ed2032e4cf74d9c81ba42"
"Mongrain","Mongrain et al. published supplementary data","Mongrain/Mongrain_Supp_Table_1.txt",123074,"d528fef042ebb7e4d8e77f95829aa879a44c4f0f4602bc6bd9eaa4294be1810c"
"Mongrain","Mongrain et al. published supplementary data","Mongrain/Mongrain_Supp_Table_4.txt",2711,"639b1392c1984017a02a64730ee9f9cd364ebcb3131a318ae788ff4501c84d88"
"Mongrain","Mongrain et al. published supplementary data","Mongrain/Overlaps_Mongrain_Flati.xlsx",218552,"32fe7e9b6be3444ab66540996316d8836206269b25baab739c130d40e9d568f8"
"PRJNA757396","PRJNA757396","PRJNA757396/PRJNA757396_01_sample_metadata.csv",1493,"2bfbf8808c56f4424194d98f1515aa2f06cc9540301396f32e784a7a8b9ba51a"
"PRJNA757396","PRJNA757396","PRJNA757396/PRJNA757396_03_gene_counts_raw.csv.gz",4592310,"e06df7d4fa8260b39d9d96c5c4dc7946ab9b9e7afc7e08f4da50a30d29fba9f2"
"PRJNA757396","PRJNA757396","PRJNA757396/PRJNA757396_ENA_runinfo.tsv",1993,"1f9ebcf459ac0870149e38a25534c4c8d80c76166a532f727127291deebd14d2"
"PRJNA757396","PRJNA757396","PRJNA757396/README.md",192,"a7b17d8d9b7e0cd182ce8a9fa147bf590f0b82542b3a9e50c9104f928626850f"
"SEA_AD_reference_or_links","SEA-AD middle temporal gyrus","SEA_AD_reference_or_links/README.md",402,"4791e4de98784d8c77e26b0c0e49aaedd1d6a9a1f20b8177d41cff32bbcae458"
"SOURCE_DATA_README.md","SOURCE_DATA_README.md","SOURCE_DATA_README.md",614,"5cac5365c4139e6f686d4f1429384d50031ef11973320918e3f0289903da8dcb"
"Takasugi_2024","Takasugi et al. 2024","Takasugi_2024/Figure_4_multiomics_long.csv.gz",41136556,"ce94af8b5c399e3c6aed4ba8dc795ac7332f29ccac6b41ade403183378d4c4e3"
"Takasugi_2024","Takasugi et al. 2024","Takasugi_2024/Figure_4_trajectory_features.csv",38833507,"f485802acf4c3b8b911e7a1f4661ad1369396d0aca2be905289ccf8a897e31e8"
"Takasugi_2024","Takasugi et al. 2024","Takasugi_2024/README.md",435,"7349e5af1d403b944d8b0f5d86b53c2a3afe7cc64064845230dd85faa16dc40a"
